time_ms,x1,y1,x2,y2,score,t1_cs,t1gk_cs,t2_cs,t2gk_cs,ref_cs
526000,729.2,446.8,755.1,517.5,0.99481,0.050427,0.023347,0.136525,0.060812,0.407846
526000,277.3,482.2,328.3,535.4,0.99215,0.288362,0.000000,0.144610,0.096806,0.015148
526000,1003.4,455.7,1025.7,518.0,0.99196,0.534970,0.009387,0.223809,0.050475,0.022482
526000,872.8,419.4,895.0,483.4,0.99128,0.206871,0.001877,0.379367,0.139708,0.067930
526000,1196.0,473.2,1221.7,542.8,0.98589,0.206928,0.003037,0.418800,0.058537,0.125749
526000,368.3,456.4,399.9,517.5,0.97888,0.253715,0.000000,0.337910,0.137266,0.068228
526000,587.5,369.2,609.0,427.4,0.97841,0.315455,0.002817,0.418352,0.219232,0.056170
526000,96.7,671.7,124.3,718.7,0.95471,0.493610,0.008292,0.363087,0.041667,0.080030
526000,513.0,217.7,527.8,259.6,0.94971,0.021207,0.099833,0.014748,0.012186,0.197373
526000,987.8,293.5,1010.6,340.7,0.94789,0.111955,0.000626,0.135103,0.205899,0.017891
526000,579.4,307.6,608.8,359.2,0.94291,0.019842,0.004935,0.019782,0.279457,0.007194
526000,1119.5,374.8,1137.4,431.2,0.92506,0.340136,0.000000,0.318302,0.132092,0.041302
526000,22.2,588.7,64.0,687.7,0.90130,0.571249,0.009650,0.330851,0.096999,0.084152
526000,1083.6,145.5,1099.8,170.1,0.89831,0.006360,0.000000,0.051234,0.000000,0.152621
526000,1153.7,318.1,1179.8,359.9,0.86427,0.388506,0.008135,0.203734,0.181073,0.048973
526000,700.3,339.7,727.3,392.2,0.84474,0.271211,0.003546,0.315621,0.182969,0.057101
526000,26.9,376.7,49.4,404.0,0.81142,0.289050,0.003755,0.144453,0.006250,0.037335
526000,123.6,300.6,139.1,349.7,0.78638,0.034452,0.054468,0.077809,0.027187,0.154518
526000,970.1,146.5,983.8,167.1,0.76241,0.022132,0.011264,0.103762,0.000000,0.098022
526000,660.3,355.3,681.9,397.8,0.74790,0.149677,0.005006,0.087870,0.301814,0.018585
526000,493.7,218.9,508.3,263.5,0.74756,0.094985,0.035871,0.151672,0.028015,0.174023
526000,1054.4,145.0,1067.8,167.7,0.74392,0.027474,0.000000,0.135995,0.000000,0.055755
526000,854.9,299.9,876.0,346.5,0.72477,0.310048,0.011264,0.190185,0.166999,0.037470
526000,381.2,237.3,400.3,278.7,0.66699,0.024861,0.000000,0.064983,0.000000,0.015288
526000,949.2,148.1,962.3,169.4,0.66178,0.032562,0.000000,0.121726,0.000000,0.046163
526000,792.6,317.5,814.6,358.6,0.60457,0.254765,0.000000,0.293888,0.182671,0.031717
526000,391.9,235.8,407.4,277.2,0.59559,0.038710,0.000000,0.053387,0.000000,0.017686
526000,742.9,166.3,758.3,216.3,0.58887,0.049053,0.060966,0.084140,0.042855,0.117097
526000,910.2,149.2,924.6,176.6,0.56134,0.021877,0.003129,0.102753,0.000000,0.193390
526000,460.1,145.0,502.1,195.8,0.52945,0.221900,0.000626,0.162656,0.003131,0.145752
526000,364.7,248.7,383.9,286.4,0.50242,0.305977,0.000000,0.128331,0.000000,0.027601
526000,711.9,175.7,724.4,214.6,0.45959,0.099682,0.042244,0.098426,0.051126,0.191449
526000,652.1,155.6,681.7,218.8,0.38288,0.098934,0.000000,0.200013,0.000000,0.019784
526000,264.4,302.5,297.6,342.7,0.37661,0.268466,0.000000,0.127309,0.000000,0.033927
526000,56.9,373.3,76.2,397.6,0.35401,0.494713,0.000000,0.216955,0.000000,0.044633
526000,142.5,300.2,159.8,345.0,0.35389,0.004492,0.036492,0.003105,0.004237,0.096604
526000,139.2,301.9,164.6,371.0,0.31215,0.126204,0.046083,0.102648,0.050656,0.159476
526000,222.1,296.3,255.4,354.0,0.30174,0.318897,0.000000,0.108873,0.000000,0.029077
526000,81.6,354.5,102.6,390.7,0.30088,0.302138,0.000000,0.165896,0.000000,0.014388
526000,175.7,295.8,192.0,336.7,0.28730,0.314905,0.000000,0.192834,0.000000,0.008993
526000,389.2,105.5,434.3,156.1,0.27048,0.385998,0.001877,0.241944,0.026257,0.073535
526040,725.7,448.5,752.9,517.0,0.99400,0.049257,0.012588,0.118576,0.074677,0.447207
526040,871.8,420.8,894.1,483.9,0.99240,0.242410,0.003627,0.430979,0.118517,0.081125
526040,362.2,457.7,397.4,521.0,0.98830,0.285701,0.000626,0.412204,0.162884,0.052507
526040,1003.7,456.0,1026.4,523.1,0.98815,0.518158,0.008761,0.229667,0.079068,0.028177
526040,1194.2,477.9,1225.0,545.4,0.97578,0.232035,0.001252,0.454224,0.058228,0.085369
526040,267.8,485.5,321.5,534.7,0.97401,0.286662,0.002503,0.137802,0.113283,0.015378
526040,584.8,372.6,606.6,430.9,0.96802,0.280897,0.002833,0.367754,0.260052,0.054767
526040,656.8,356.9,678.3,406.1,0.94875,0.136417,0.001877,0.090643,0.274147,0.014388
526040,93.1,675.0,117.4,720.0,0.94638,0.506814,0.009484,0.302049,0.044786,0.090027
526040,985.8,295.3,1010.6,342.2,0.94623,0.094456,0.000000,0.160099,0.258073,0.041399
526040,512.4,221.3,527.1,263.0,0.93016,0.006868,0.108747,0.014882,0.024904,0.157565
526040,1117.5,378.1,1139.7,434.5,0.92742,0.322087,0.000000,0.428727,0.141924,0.063474
526040,1150.3,323.5,1170.4,362.0,0.90321,0.384169,0.006258,0.169655,0.165426,0.023082
526040,121.4,302.5,137.2,349.2,0.88723,0.046654,0.034937,0.119079,0.016571,0.173892
526040,15.5,592.4,60.3,690.3,0.88412,0.592436,0.007540,0.337914,0.107222,0.087217
526040,582.6,311.2,609.7,361.1,0.88128,0.001781,0.000000,0.026649,0.283057,0.006295
526040,692.5,342.5,723.6,392.5,0.87847,0.271978,0.003755,0.326145,0.150766,0.060552
526040,1085.3,147.7,1100.5,172.8,0.84559,0.008140,0.000000,0.045890,0.000000,0.154203
526040,491.5,222.5,507.7,264.7,0.82509,0.045211,0.025241,0.060605,0.015228,0.182817
526040,949.2,150.1,962.2,171.0,0.81763,0.028237,0.000000,0.168619,0.000000,0.022782
526040,140.3,303.7,158.7,347.8,0.77960,0.007768,0.037911,0.004140,0.003953,0.127544
526040,969.7,149.0,985.0,169.2,0.77831,0.055439,0.003129,0.153480,0.000000,0.089736
526040,846.7,299.7,875.8,351.3,0.63710,0.327426,0.008761,0.198403,0.212929,0.041667
526040,173.8,297.7,192.3,338.8,0.61609,0.327274,0.000000,0.182044,0.000000,0.023993
526040,222.7,296.2,253.0,356.0,0.60650,0.370193,0.000000,0.130393,0.000000,0.029077
526040,792.3,320.8,814.0,360.5,0.59641,0.226861,0.003755,0.278380,0.233723,0.023460
526040,379.2,241.4,396.4,282.2,0.59448,0.055244,0.000000,0.051685,0.000000,0.027336
526040,138.1,302.6,162.3,373.1,0.58447,0.113299,0.038517,0.108188,0.052270,0.146115
526040,1055.6,147.9,1068.2,168.1,0.55982,0.017553,0.000000,0.053816,0.000000,0.049760
526040,743.0,168.4,758.0,218.8,0.54966,0.059298,0.085121,0.086163,0.038284,0.112203
526040,390.8,237.6,406.5,280.1,0.54160,0.016418,0.000000,0.054888,0.000000,0.023674
526040,458.1,146.3,501.4,196.4,0.54086,0.225417,0.000000,0.143924,0.003282,0.116280
526040,22.8,378.9,49.8,408.3,0.52695,0.270599,0.000000,0.112212,0.000000,0.038377
526040,712.0,176.8,723.8,215.0,0.49562,0.066751,0.046308,0.116033,0.023937,0.179939
526040,857.2,301.7,874.0,337.6,0.48175,0.216273,0.002503,0.158148,0.233743,0.024281
526040,911.4,151.2,925.5,179.8,0.42427,0.020785,0.008135,0.116213,0.002251,0.185906
526040,646.3,155.0,677.8,221.8,0.39474,0.136773,0.000000,0.164244,0.000000,0.016431
526040,363.9,250.5,382.9,287.5,0.36577,0.345967,0.000000,0.128565,0.000000,0.031033
526040,77.9,355.6,103.4,394.4,0.31216,0.299826,0.000000,0.170327,0.000000,0.022722
526040,52.2,369.5,73.0,402.0,0.26768,0.393865,0.000000,0.139631,0.000000,0.027878
526040,308.5,151.1,354.4,202.6,0.25942,0.230411,0.000000,0.162618,0.002398,0.078837
526040,234.4,178.6,269.7,241.9,0.25603,0.305939,0.000000,0.178925,0.001946,0.075969
526080,1002.1,460.9,1028.4,528.0,0.99400,0.527610,0.014097,0.259014,0.092697,0.044611
526080,869.9,423.3,892.9,490.9,0.99264,0.223556,0.001252,0.418474,0.141700,0.060319
526080,719.2,450.3,748.1,515.3,0.99161,0.048771,0.011154,0.124709,0.066032,0.419340
526080,356.1,459.9,392.6,521.9,0.97867,0.248628,0.000000,0.411844,0.176828,0.103850
526080,582.6,376.2,602.6,438.4,0.96583,0.270517,0.004380,0.327513,0.258511,0.059120
526080,1195.4,482.9,1228.4,550.7,0.96264,0.232802,0.000000,0.472940,0.050275,0.071908
526080,253.2,489.9,306.6,540.9,0.95869,0.302308,0.004348,0.150956,0.086376,0.029158
526080,6.7,597.2,54.4,699.1,0.95755,0.595850,0.010013,0.329494,0.096833,0.090112
526080,87.8,680.8,112.0,720.0,0.95411,0.444765,0.001877,0.254625,0.046164,0.074444
526080,651.5,360.3,673.0,408.6,0.94098,0.280292,0.000000,0.115946,0.173064,0.011990
526080,1115.1,383.2,1140.6,439.9,0.92370,0.371177,0.000626,0.418436,0.122912,0.053097
526080,511.5,226.1,525.7,265.5,0.91207,0.012445,0.070885,0.028661,0.021261,0.136828
526080,682.4,347.9,719.9,398.9,0.91001,0.268112,0.003534,0.409655,0.146223,0.066701
526080,980.7,299.5,1008.8,347.6,0.88875,0.137285,0.000000,0.163240,0.221458,0.023280
526080,1140.1,328.9,1163.1,380.4,0.84308,0.362748,0.003755,0.160145,0.097030,0.025535
526080,490.8,226.4,505.0,268.2,0.81773,0.037677,0.039766,0.088491,0.022891,0.177732
526080,586.0,314.0,605.3,359.9,0.75050,0.003561,0.000000,0.020091,0.260769,0.000899
526080,846.0,309.3,871.8,350.8,0.72552,0.293982,0.017522,0.161022,0.163945,0.030276
526080,1088.3,152.3,1101.4,175.4,0.72183,0.030097,0.000000,0.059237,0.000000,0.195432
526080,951.3,153.5,965.1,175.5,0.71610,0.011447,0.000000,0.107926,0.000000,0.027278
526080,1189.2,177.8,1209.4,217.8,0.66581,0.000000,0.003129,0.000776,0.000000,0.213101
526080,742.5,172.3,757.9,222.9,0.66450,0.043901,0.044716,0.098669,0.043618,0.132866
526080,711.4,181.7,723.6,221.7,0.55840,0.084976,0.036866,0.097891,0.049925,0.180287
526080,646.4,154.9,678.1,224.3,0.54968,0.187117,0.000000,0.161807,0.000000,0.016216
526080,388.2,242.3,403.8,284.6,0.46311,0.019185,0.000000,0.045796,0.000000,0.019484
526080,218.8,302.7,251.5,362.0,0.43679,0.364523,0.000000,0.106339,0.000000,0.029077
526080,117.6,310.6,132.5,356.2,0.36923,0.022673,0.050476,0.040152,0.023600,0.196505
526080,375.3,244.7,394.8,285.9,0.34534,0.076399,0.000000,0.080080,0.000000,0.033444
526080,791.8,327.3,808.7,364.2,0.33351,0.376562,0.005006,0.300712,0.121592,0.080890
526080,134.4,308.6,162.7,382.4,0.29924,0.132431,0.041011,0.156972,0.046799,0.138603
526080,1146.0,330.5,1162.0,362.4,0.28642,0.405017,0.003755,0.122468,0.119842,0.009892
526080,395.4,119.0,437.7,167.2,0.25482,0.308793,0.000626,0.216991,0.002851,0.050380
526120,1000.7,462.5,1028.1,531.0,0.99551,0.515988,0.015838,0.257900,0.094574,0.046424
526120,712.4,452.8,742.2,517.0,0.99374,0.030636,0.023315,0.096799,0.058497,0.423709
526120,865.5,425.9,892.0,490.7,0.98866,0.228209,0.004591,0.387740,0.132664,0.069695
526120,350.5,462.0,387.8,520.8,0.98461,0.251939,0.001877,0.391694,0.160407,0.091888
526120,581.5,379.3,601.3,441.5,0.96769,0.304039,0.004380,0.296003,0.254210,0.061164
526120,1196.1,484.6,1228.4,553.6,0.96491,0.238219,0.002434,0.451629,0.069869,0.090491
526120,5.3,600.3,47.3,702.3,0.95650,0.590942,0.008160,0.339903,0.099620,0.093392
526120,243.3,491.6,289.5,547.7,0.95468,0.286072,0.003877,0.145283,0.102257,0.023892
526120,508.7,225.5,523.6,267.9,0.94778,0.021946,0.061784,0.038582,0.026007,0.192997
526120,650.5,361.3,669.9,414.5,0.93493,0.302107,0.007509,0.111915,0.122390,0.019262
526120,82.2,685.4,108.7,720.0,0.92040,0.397756,0.001877,0.246482,0.039676,0.077913
526120,1114.7,385.3,1141.7,442.8,0.90395,0.351852,0.002740,0.421928,0.096967,0.055749
526120,489.8,228.6,503.5,271.1,0.85864,0.038378,0.022042,0.070302,0.018404,0.200184
526120,978.2,300.7,1003.5,349.7,0.84462,0.110249,0.000000,0.154271,0.241355,0.027298
526120,586.2,314.8,605.8,361.2,0.82947,0.000000,0.000000,0.011653,0.231930,0.000600
526120,1140.9,332.9,1159.8,374.7,0.77752,0.334310,0.005006,0.153181,0.136352,0.020384
526120,843.6,312.7,868.7,354.2,0.76484,0.329632,0.000626,0.166708,0.164152,0.011391
526120,681.3,349.4,713.6,399.8,0.70895,0.299887,0.006884,0.407864,0.110595,0.052741
526120,1088.6,153.3,1102.2,177.4,0.68573,0.027206,0.000000,0.088497,0.000000,0.128897
526120,1188.8,178.1,1209.9,220.6,0.60132,0.014480,0.008079,0.023838,0.000000,0.207633
526120,114.7,310.6,129.7,357.0,0.59466,0.014056,0.050478,0.049933,0.028423,0.199099
526120,710.8,183.2,723.1,222.4,0.58139,0.059013,0.049421,0.074337,0.044505,0.140108
526120,167.0,303.8,186.3,347.1,0.54310,0.334827,0.000000,0.188596,0.000000,0.014293
526120,742.3,173.2,757.4,224.1,0.53077,0.047746,0.054956,0.097522,0.040189,0.154220
526120,374.5,247.8,392.5,288.7,0.45415,0.074398,0.000000,0.069518,0.000000,0.020683
526120,385.7,246.2,402.4,286.9,0.42865,0.028936,0.000000,0.056893,0.000000,0.022492
526120,132.4,310.4,156.1,379.7,0.39572,0.098619,0.053761,0.095966,0.031474,0.139962
526120,214.8,302.8,248.4,364.0,0.39501,0.379267,0.000000,0.138899,0.000000,0.026679
526120,359.6,257.9,377.8,294.7,0.39165,0.309981,0.000000,0.132730,0.000000,0.025516
526120,896.3,72.6,939.7,125.9,0.37263,0.155205,0.000626,0.128174,0.000000,0.077044
526120,790.6,331.3,809.6,367.5,0.30588,0.469200,0.003755,0.361006,0.094656,0.056813
526160,999.2,465.3,1027.5,533.1,0.99368,0.513429,0.016451,0.235696,0.091393,0.040605
526160,864.3,427.6,890.7,491.8,0.99217,0.208657,0.000000,0.405595,0.155543,0.062166
526160,345.3,464.9,384.3,524.3,0.98526,0.281110,0.001252,0.428319,0.146940,0.079849
526160,705.9,455.9,737.2,517.1,0.98392,0.028374,0.012285,0.085761,0.037047,0.419152
526160,1192.0,488.8,1228.8,556.0,0.98143,0.245051,0.000000,0.437357,0.079821,0.066945
526160,234.8,492.8,274.0,551.6,0.97810,0.306842,0.006258,0.190881,0.112264,0.020938
526160,645.7,363.2,666.6,412.6,0.97122,0.322430,0.003755,0.155724,0.115541,0.010492
526160,580.4,382.8,598.6,444.6,0.95976,0.298161,0.004935,0.291959,0.261802,0.045687
526160,1.5,604.9,41.9,707.0,0.93734,0.594696,0.006493,0.327470,0.072213,0.086310
526160,1115.1,387.5,1140.8,445.2,0.93281,0.359184,0.002801,0.436653,0.060221,0.057987
526160,506.8,228.5,522.5,272.4,0.92756,0.038479,0.085295,0.035883,0.034580,0.175110
526160,77.4,688.5,103.5,720.0,0.92076,0.396713,0.005632,0.262715,0.043285,0.087190
526160,974.6,302.3,998.6,347.7,0.90531,0.142680,0.000000,0.235578,0.242239,0.042672
526160,677.5,349.7,707.4,401.1,0.89814,0.294956,0.000000,0.388613,0.138383,0.054556
526160,1134.8,334.0,1154.5,382.2,0.88381,0.309436,0.000000,0.140708,0.178206,0.005995
526160,1187.6,178.5,1208.6,221.2,0.74382,0.000000,0.011264,0.021856,0.000000,0.182145
526160,585.3,317.0,613.6,364.8,0.72032,0.001526,0.000000,0.022541,0.280816,0.000899
526160,488.3,231.2,501.3,273.3,0.69168,0.028862,0.058497,0.068831,0.030741,0.194792
526160,788.5,329.7,809.8,370.5,0.69019,0.433533,0.008429,0.342918,0.162110,0.069707
526160,740.1,175.5,756.9,229.2,0.68009,0.084257,0.099909,0.110104,0.041247,0.135688
526160,845.0,317.6,866.0,356.4,0.62429,0.314335,0.004380,0.178031,0.131947,0.026978
526160,358.6,259.8,376.9,303.3,0.61939,0.348773,0.000000,0.115360,0.000000,0.011640
526160,111.9,315.0,126.6,362.4,0.59528,0.011956,0.030726,0.027891,0.022171,0.142871
526160,709.2,183.3,723.1,228.0,0.53553,0.106280,0.029981,0.154644,0.058042,0.209761
526160,1257.8,153.2,1275.9,192.6,0.53307,0.013760,0.044991,0.126998,0.050980,0.113320
526160,1088.9,155.1,1101.5,180.1,0.51746,0.013228,0.000000,0.054597,0.000000,0.165618
526160,372.1,248.3,395.5,289.9,0.49032,0.027942,0.000000,0.044376,0.000000,0.033585
526160,645.4,165.6,677.9,229.1,0.37117,0.085289,0.000000,0.180425,0.000000,0.021175
526160,849.6,315.4,865.0,343.4,0.36550,0.278483,0.006884,0.124303,0.135312,0.022782
526160,122.8,313.3,151.5,393.0,0.34314,0.201510,0.029051,0.208225,0.053252,0.158764
526160,211.0,308.8,245.4,367.7,0.32421,0.375433,0.000000,0.140343,0.000000,0.016646
526160,9.2,385.7,39.3,419.5,0.31170,0.280138,0.000000,0.114957,0.000000,0.034173
526160,383.7,247.6,399.9,288.5,0.27174,0.041589,0.000000,0.047089,0.000000,0.018885
526200,997.8,468.7,1026.3,537.9,0.99520,0.507987,0.015238,0.258787,0.070570,0.047043
526200,861.8,432.5,887.7,495.7,0.99208,0.214228,0.005632,0.433509,0.149737,0.084399
526200,1193.9,491.5,1230.4,559.2,0.97980,0.218281,0.001718,0.442474,0.102415,0.089718
526200,340.0,465.2,377.3,527.4,0.97919,0.272041,0.001877,0.448837,0.150658,0.091130
526200,698.8,458.2,731.3,522.6,0.96283,0.030898,0.011919,0.098322,0.041421,0.396858
526200,219.9,496.4,254.4,553.6,0.95417,0.323387,0.013006,0.191940,0.116472,0.030288
526200,504.5,232.3,518.7,272.5,0.95090,0.026192,0.041700,0.028355,0.034349,0.148710
526200,970.0,305.8,991.9,351.6,0.93396,0.060991,0.000626,0.143184,0.162306,0.018142
526200,1115.6,390.7,1140.0,447.6,0.93343,0.353212,0.000000,0.443670,0.095467,0.056124
526200,636.0,365.3,660.8,414.0,0.91464,0.282648,0.003755,0.147935,0.162029,0.028836
526200,576.5,384.1,595.3,447.6,0.87549,0.302607,0.004380,0.298595,0.276046,0.066317
526200,67.4,695.0,93.7,720.0,0.81964,0.277046,0.001877,0.242906,0.046922,0.082578
526200,1128.9,335.1,1147.3,386.9,0.81636,0.233048,0.004926,0.138183,0.260537,0.018116
526200,674.4,352.0,697.7,406.6,0.80664,0.314298,0.003755,0.379697,0.167011,0.061556
526200,787.4,332.0,808.0,374.9,0.77497,0.422194,0.009434,0.341618,0.173898,0.083744
526200,583.4,322.9,607.5,368.4,0.75772,0.000254,0.000000,0.023803,0.237832,0.001199
526200,483.6,233.1,498.2,275.6,0.75001,0.028554,0.041320,0.067160,0.019417,0.197941
526200,1087.2,158.9,1102.1,182.2,0.73654,0.015518,0.000626,0.011384,0.000000,0.149197
526200,0.3,607.9,31.5,712.8,0.73441,0.609777,0.006713,0.320968,0.083234,0.087601
526200,739.2,178.6,754.6,228.9,0.71979,0.066027,0.103373,0.083516,0.045911,0.137784
526200,706.7,186.2,718.7,227.5,0.58827,0.078039,0.031915,0.122741,0.048999,0.174722
526200,367.2,252.1,386.6,293.7,0.55943,0.064917,0.000000,0.068053,0.000000,0.035443
526200,380.7,250.6,396.0,291.9,0.49316,0.028730,0.000000,0.044502,0.000000,0.013489
526200,1184.7,180.0,1205.8,225.7,0.42246,0.084046,0.000000,0.064662,0.000000,0.202773
526200,114.6,219.3,148.2,275.2,0.30647,0.186297,0.004380,0.156853,0.017802,0.065236
526200,105.8,317.3,120.5,363.6,0.29037,0.017233,0.055877,0.068898,0.021128,0.192580
526200,410.0,95.7,454.0,146.6,0.25562,0.253098,0.000000,0.152124,0.000000,0.125370
526200,285.5,190.3,328.3,239.8,0.25084,0.147359,0.000000,0.134660,0.008666,0.120890
526240,996.2,471.1,1024.8,539.9,0.99458,0.503721,0.011264,0.246122,0.080000,0.038999
526240,858.3,436.3,884.4,498.3,0.99338,0.210594,0.002169,0.432742,0.126058,0.062160
526240,335.3,467.1,372.6,529.8,0.98464,0.281058,0.002083,0.426841,0.160006,0.082509
526240,1193.3,491.1,1228.0,562.1,0.98134,0.236306,0.001736,0.476466,0.061321,0.089329
526240,693.3,463.0,725.0,528.0,0.96830,0.043807,0.014714,0.109158,0.018467,0.405465
526240,965.9,308.0,985.5,357.0,0.96366,0.143837,0.004380,0.232538,0.145974,0.070306
526240,207.9,496.5,246.2,552.9,0.96201,0.297752,0.008019,0.164871,0.126707,0.027747
526240,500.8,232.3,515.7,275.6,0.92832,0.023872,0.089443,0.045451,0.024905,0.190547
526240,629.8,367.1,656.4,415.6,0.90980,0.280880,0.004380,0.147806,0.147512,0.025319
526240,1114.4,393.0,1137.1,448.4,0.88894,0.387155,0.000000,0.436001,0.096960,0.051075
526240,670.5,354.4,693.1,408.9,0.87892,0.315958,0.003584,0.474258,0.158272,0.070249
526240,571.5,384.2,593.1,448.7,0.83942,0.272724,0.008616,0.293014,0.252851,0.041393
526240,784.8,333.0,804.0,373.8,0.83297,0.361212,0.004348,0.362821,0.211422,0.078094
526240,837.9,322.7,859.8,361.1,0.82518,0.318385,0.005006,0.198311,0.218911,0.027578
526240,1085.0,160.4,1101.2,183.9,0.79415,0.016736,0.000000,0.054286,0.000000,0.203460
526240,480.5,233.6,494.8,277.9,0.77169,0.032603,0.049728,0.052249,0.017973,0.189765
526240,1123.0,337.1,1142.6,389.6,0.75581,0.350703,0.004831,0.202081,0.239303,0.010791
526240,1181.7,181.0,1203.6,224.7,0.71112,0.077816,0.000000,0.064154,0.000000,0.161145
526240,736.3,180.1,752.5,233.6,0.69392,0.088502,0.092388,0.083739,0.054420,0.163131
526240,582.4,326.7,601.9,369.9,0.63613,0.001781,0.000000,0.009832,0.175995,0.000899
526240,348.7,264.1,368.4,304.8,0.62844,0.370651,0.000000,0.143815,0.000000,0.014523
526240,908.5,161.3,922.5,190.7,0.61634,0.016026,0.008761,0.090692,0.000000,0.153340
526240,365.2,253.2,385.7,295.8,0.60562,0.025031,0.000000,0.031307,0.000000,0.023876
526240,372.5,252.0,391.9,294.4,0.56695,0.030182,0.000000,0.045085,0.000000,0.024848
526240,704.1,187.5,718.0,230.5,0.56399,0.094980,0.032999,0.147012,0.062794,0.201365
526240,969.5,158.3,984.2,180.8,0.55460,0.005597,0.003129,0.123451,0.000000,0.117533
526240,1056.7,157.4,1069.3,180.2,0.54010,0.022895,0.000000,0.109478,0.000000,0.045264
526240,948.5,160.8,961.3,182.8,0.51082,0.027713,0.000000,0.130177,0.000000,0.049965
526240,100.4,318.8,115.3,364.4,0.43418,0.015018,0.039321,0.066784,0.021067,0.195031
526240,643.4,171.7,675.6,233.9,0.42128,0.137499,0.000000,0.226328,0.000000,0.021796
526240,203.4,310.1,237.3,371.0,0.36866,0.372947,0.000000,0.126627,0.000000,0.035372
526240,440.1,159.3,457.2,177.9,0.35281,0.143282,0.000000,0.102717,0.000000,0.031175
526240,382.1,120.5,423.8,170.0,0.28310,0.277242,0.000000,0.202232,0.007351,0.048873
526240,418.7,288.5,430.2,306.0,0.27698,0.415921,0.000000,0.166106,0.000000,0.020983
526240,529.3,145.9,578.5,196.0,0.27398,0.198080,0.000000,0.199255,0.000000,0.076396
526280,992.5,474.2,1022.0,544.3,0.99746,0.534757,0.009387,0.229110,0.070144,0.045825
526280,325.6,465.7,364.3,534.3,0.99269,0.287186,0.001890,0.466471,0.149160,0.079088
526280,855.0,437.0,880.3,502.4,0.99170,0.258975,0.005632,0.433074,0.175315,0.068029
526280,687.3,463.2,716.9,532.7,0.99140,0.035176,0.011050,0.129048,0.052752,0.406894
526280,189.8,497.6,231.7,556.9,0.98272,0.344334,0.007589,0.146400,0.129128,0.028935
526280,1197.4,494.5,1226.1,563.9,0.97696,0.236412,0.000000,0.480088,0.066197,0.099384
526280,831.2,325.7,852.7,365.1,0.95633,0.414081,0.011890,0.178208,0.124056,0.048595
526280,622.7,368.3,647.2,419.9,0.94196,0.256621,0.010013,0.138452,0.180128,0.020970
526280,566.0,386.4,588.8,452.6,0.93439,0.409901,0.006258,0.306630,0.201096,0.052992
526280,960.1,311.3,976.5,358.2,0.92304,0.298835,0.010013,0.324473,0.246088,0.087270
526280,660.6,356.5,685.0,415.1,0.91431,0.400729,0.015060,0.471259,0.145617,0.100985
526280,496.8,235.2,510.1,278.7,0.91413,0.017229,0.050756,0.032346,0.044245,0.142920
526280,778.9,334.1,801.0,378.9,0.88301,0.359033,0.007676,0.319692,0.235803,0.053132
526280,1107.9,339.7,1135.9,398.7,0.87526,0.389212,0.011119,0.189024,0.196029,0.050698
526280,1111.2,397.8,1131.3,452.3,0.86946,0.429396,0.003755,0.417902,0.063995,0.053610
526280,1081.9,161.0,1098.1,185.7,0.83862,0.004579,0.000000,0.022768,0.000000,0.197104
526280,576.8,328.5,600.3,370.3,0.80878,0.001526,0.000000,0.002846,0.136950,0.000300
526280,474.4,237.0,489.0,280.4,0.75742,0.038772,0.022224,0.087415,0.028420,0.169164
526280,1174.9,182.5,1196.1,226.6,0.73183,0.092715,0.016575,0.059859,0.000000,0.216137
526280,965.7,160.9,980.1,181.9,0.67866,0.023658,0.000000,0.126061,0.000000,0.107901
526280,944.0,162.5,958.2,185.2,0.66557,0.007886,0.000000,0.105827,0.000000,0.045420
526280,732.3,182.0,748.8,233.5,0.61404,0.072173,0.068096,0.087865,0.058925,0.157194
526280,1054.1,159.5,1066.8,181.4,0.59811,0.047316,0.000000,0.127693,0.000000,0.037470
526280,330.9,183.3,373.1,234.4,0.50634,0.230641,0.001877,0.149471,0.000750,0.094661
526280,637.4,171.8,667.6,236.7,0.46061,0.103085,0.000000,0.203526,0.000000,0.019185
526280,699.4,188.0,712.5,230.0,0.41780,0.064630,0.017437,0.151472,0.014425,0.173006
526280,358.4,255.0,378.9,298.1,0.34904,0.093755,0.000000,0.070557,0.000000,0.026728
526280,889.1,76.6,931.2,127.4,0.34781,0.137793,0.000626,0.118032,0.000000,0.093002
526280,187.9,318.1,221.6,376.9,0.28074,0.367230,0.000000,0.132005,0.000000,0.027578
526320,989.8,476.4,1017.9,546.0,0.99749,0.515851,0.009387,0.232262,0.072591,0.041521
526320,851.1,439.9,875.9,501.1,0.99275,0.252558,0.002381,0.438551,0.137183,0.054120
526320,320.1,467.7,357.8,535.4,0.99118,0.282092,0.003755,0.459488,0.113184,0.076257
526320,682.0,465.2,708.3,532.6,0.99018,0.048705,0.011014,0.113479,0.044668,0.407587
526320,1194.3,495.6,1223.3,565.6,0.98376,0.235471,0.000626,0.474318,0.077628,0.097208
526320,178.3,499.4,223.8,561.8,0.97727,0.354835,0.011387,0.157534,0.123259,0.034777
526320,564.2,390.1,583.8,452.8,0.95434,0.386355,0.003401,0.277127,0.230032,0.044401
526320,954.0,309.5,970.4,360.7,0.95378,0.267822,0.004380,0.343205,0.273368,0.082454
526320,826.8,325.8,849.3,366.7,0.92225,0.350401,0.020483,0.160052,0.143056,0.046232
526320,615.6,370.6,641.0,422.6,0.91114,0.278980,0.009817,0.133193,0.152678,0.015249
526320,1107.3,396.3,1126.7,454.2,0.88957,0.415991,0.000000,0.433014,0.052218,0.048732
526320,491.6,236.7,505.8,279.0,0.88468,0.039938,0.025316,0.035394,0.021045,0.154139
526320,1099.0,342.7,1127.2,396.5,0.88380,0.423687,0.011264,0.171510,0.173840,0.050815
526320,651.1,357.3,679.6,415.5,0.87672,0.357203,0.013049,0.437434,0.175721,0.111977
526320,775.0,336.5,798.0,379.4,0.86467,0.360050,0.003755,0.356645,0.220143,0.058640
526320,574.8,328.9,598.0,370.6,0.83304,0.000000,0.000000,0.007762,0.144345,0.000300
526320,470.3,238.1,485.0,283.6,0.75343,0.039895,0.074290,0.096312,0.027587,0.189972
526320,1080.5,162.5,1095.2,188.8,0.73930,0.000000,0.000000,0.020649,0.000000,0.188738
526320,1171.0,185.2,1191.9,227.2,0.67501,0.079344,0.014179,0.035112,0.000000,0.209284
526320,728.4,183.0,745.0,235.2,0.66171,0.059617,0.067598,0.091534,0.061699,0.127074
526320,962.8,162.2,977.4,183.1,0.64013,0.009921,0.011264,0.086565,0.000000,0.113775
526320,941.4,164.7,954.8,185.8,0.63676,0.015263,0.000000,0.126889,0.000000,0.057761
526320,696.7,190.2,709.8,231.9,0.61325,0.059112,0.031539,0.140895,0.037152,0.200945
526320,1050.8,160.4,1064.1,182.6,0.53889,0.014605,0.000000,0.096904,0.000000,0.070288
526320,351.6,258.0,373.8,300.3,0.50914,0.049145,0.000000,0.058119,0.000000,0.030539
526320,365.9,256.8,381.7,297.9,0.40792,0.004325,0.000000,0.021992,0.000000,0.015887
526320,635.4,170.3,666.5,236.6,0.38174,0.144455,0.000000,0.194407,0.000000,0.016286
526320,183.6,314.9,220.0,380.2,0.25835,0.378539,0.000000,0.133335,0.000000,0.024560
526360,986.9,478.1,1015.2,548.0,0.99680,0.504487,0.009387,0.240379,0.079074,0.050069
526360,314.3,467.1,353.4,536.2,0.99487,0.261927,0.000000,0.446892,0.193599,0.068780
526360,161.2,500.2,211.1,565.2,0.98837,0.358850,0.011264,0.167491,0.119645,0.035270
526360,677.2,465.1,703.1,534.6,0.98682,0.053978,0.022726,0.128465,0.081043,0.381742
526360,845.6,441.9,870.1,504.0,0.98562,0.212586,0.004380,0.438584,0.116537,0.046094
526360,1192.6,497.8,1219.8,566.2,0.98341,0.233315,0.001252,0.467696,0.093685,0.084100
526360,947.3,310.6,966.0,362.3,0.96285,0.254826,0.013141,0.307900,0.271055,0.089786
526360,557.3,391.6,580.1,454.8,0.95575,0.456405,0.000626,0.352721,0.145312,0.077267
526360,822.7,329.1,845.2,369.3,0.94995,0.426509,0.019627,0.232126,0.121316,0.042378
526360,606.0,372.9,633.7,423.7,0.92975,0.324915,0.007023,0.196278,0.165978,0.034325
526360,771.2,335.4,791.9,382.4,0.90903,0.370102,0.005632,0.333990,0.134076,0.064126
526360,1102.7,398.2,1122.8,454.9,0.90882,0.393740,0.000000,0.410569,0.060599,0.054164
526360,1093.0,344.6,1121.1,397.8,0.90229,0.368153,0.012516,0.186357,0.255803,0.043525
526360,644.0,357.5,671.3,413.8,0.89624,0.385168,0.010176,0.427850,0.138427,0.089854
526360,486.2,237.2,501.4,281.3,0.81309,0.018142,0.089699,0.021687,0.042145,0.155737
526360,360.9,254.6,376.0,298.6,0.80666,0.013737,0.000000,0.060026,0.000000,0.010492
526360,571.6,329.1,599.3,375.2,0.80122,0.005088,0.000000,0.036481,0.252204,0.006595
526360,465.3,240.6,480.4,282.8,0.76257,0.031704,0.022575,0.045398,0.010934,0.184901
526360,938.3,165.4,952.5,186.6,0.76018,0.021369,0.000000,0.152149,0.000000,0.076895
526360,960.2,162.9,975.9,185.2,0.74250,0.026994,0.000000,0.092998,0.000000,0.149941
526360,1076.5,162.6,1093.9,188.9,0.71595,0.027728,0.000000,0.067745,0.000000,0.122847
526360,347.9,259.2,365.5,301.3,0.69068,0.022538,0.000000,0.057330,0.000000,0.018597
526360,1045.9,161.9,1061.8,184.7,0.68276,0.039522,0.000000,0.120457,0.000000,0.037170
526360,724.9,184.6,740.5,233.9,0.65358,0.044902,0.058294,0.088836,0.054954,0.142343
526360,691.8,190.3,706.4,233.3,0.62128,0.068444,0.035044,0.140729,0.020715,0.184816
526360,897.6,167.4,912.8,194.3,0.39040,0.016281,0.013141,0.047301,0.000750,0.212311
526360,1167.6,188.2,1186.0,228.2,0.38387,0.047023,0.011264,0.025502,0.000000,0.253509
526360,333.5,270.2,352.5,303.9,0.34634,0.307190,0.000000,0.137354,0.000000,0.018784
526360,91.5,227.8,123.3,282.7,0.31235,0.164064,0.004384,0.145030,0.016282,0.047186
526360,182.0,317.3,217.5,376.5,0.29724,0.348112,0.000000,0.116007,0.000000,0.026679
526360,881.3,76.0,927.0,129.7,0.29400,0.153118,0.001252,0.131705,0.000000,0.094138
526360,402.9,134.4,445.3,186.4,0.25716,0.260153,0.000000,0.164907,0.000000,0.027474
526400,980.1,480.9,1010.5,551.7,0.99671,0.480730,0.004380,0.226564,0.077394,0.042322
526400,841.4,442.0,864.4,504.1,0.99201,0.216537,0.003755,0.428877,0.159977,0.058417
526400,303.5,473.1,341.0,535.2,0.99062,0.290764,0.000000,0.478466,0.119682,0.078778
526400,1188.8,500.3,1216.2,569.9,0.98933,0.245796,0.003530,0.455206,0.093885,0.084754
526400,664.3,465.0,694.5,535.8,0.98787,0.058266,0.012769,0.136310,0.072113,0.429407
526400,137.3,504.8,189.8,568.1,0.96700,0.350109,0.012925,0.157361,0.135569,0.037828
526400,551.0,393.7,574.3,454.8,0.96115,0.413325,0.009558,0.326441,0.192328,0.085458
526400,597.0,373.7,623.6,425.9,0.95528,0.301514,0.000000,0.147382,0.121596,0.016649
526400,932.1,316.3,956.8,364.8,0.93886,0.335425,0.008761,0.229671,0.268916,0.049412
526400,818.6,329.5,839.0,371.1,0.93488,0.450117,0.023490,0.228780,0.154252,0.049081
526400,632.0,358.8,663.0,414.6,0.86832,0.382585,0.004580,0.446079,0.166479,0.090847
526400,480.0,241.4,493.4,282.3,0.85409,0.001781,0.049502,0.019719,0.034483,0.102177
526400,955.1,164.0,969.5,185.7,0.84373,0.002035,0.000000,0.069050,0.000000,0.130157
526400,1095.9,401.8,1116.1,458.0,0.83247,0.380199,0.003475,0.398327,0.064634,0.062061
526400,562.7,332.2,584.2,377.8,0.82931,0.007411,0.000000,0.017076,0.203926,0.000600
526400,1085.1,349.0,1107.7,401.3,0.82505,0.368662,0.007771,0.220002,0.214786,0.043704
526400,933.9,166.6,946.2,188.0,0.81691,0.008140,0.000000,0.103655,0.000000,0.042266
526400,458.7,243.8,472.6,288.6,0.81305,0.034158,0.035031,0.048027,0.058503,0.138621
526400,764.4,337.2,786.5,382.3,0.76667,0.314825,0.003755,0.303932,0.173764,0.040247
526400,1072.5,163.8,1085.8,189.7,0.71013,0.016522,0.000000,0.069666,0.000000,0.099296
526400,1157.5,190.7,1176.9,230.1,0.61734,0.000000,0.008135,0.006468,0.000000,0.274142
526400,717.8,184.1,734.0,237.3,0.54161,0.029408,0.075788,0.061167,0.049117,0.116302
526400,684.2,192.5,699.8,238.7,0.49742,0.117778,0.047962,0.146599,0.029707,0.202383
526400,351.3,259.4,367.5,301.2,0.43901,0.016281,0.000000,0.050283,0.000000,0.014688
526400,893.5,167.8,907.5,195.6,0.43203,0.016535,0.000000,0.060346,0.000000,0.197199
526400,622.6,167.7,653.0,238.7,0.42264,0.209861,0.000000,0.160967,0.000000,0.026615
526400,332.3,255.1,367.7,304.5,0.33941,0.028450,0.000000,0.065946,0.000000,0.026079
526400,339.2,260.4,358.6,303.7,0.33840,0.027610,0.000000,0.048489,0.000000,0.035372
526400,169.0,318.5,208.5,382.4,0.30494,0.369698,0.000000,0.123415,0.000000,0.026679
526400,67.0,329.0,83.4,375.5,0.30256,0.032702,0.051672,0.048693,0.030761,0.239599
526440,977.9,481.7,1007.0,552.2,0.99717,0.503721,0.010638,0.241850,0.075824,0.041365
526440,837.7,442.7,860.2,504.8,0.99407,0.223509,0.001877,0.438972,0.104797,0.063630
526440,295.0,473.5,334.7,535.8,0.99326,0.313632,0.005006,0.474650,0.133902,0.085937
526440,656.3,464.4,688.0,535.2,0.99082,0.062747,0.020303,0.153618,0.063907,0.401993
526440,1185.0,501.1,1212.9,571.7,0.98812,0.256625,0.002849,0.490307,0.094585,0.091495
526440,812.0,331.7,833.4,373.0,0.96868,0.456658,0.016270,0.243383,0.169533,0.040338
526440,126.3,506.8,170.8,571.6,0.96625,0.326679,0.012424,0.145039,0.154658,0.031340
526440,543.7,395.4,568.8,456.4,0.95622,0.443390,0.010013,0.353613,0.200396,0.077118
526440,585.6,373.9,615.8,428.2,0.92187,0.327526,0.006258,0.150707,0.141710,0.021739
526440,625.0,358.5,656.4,417.6,0.91094,0.339256,0.006227,0.423846,0.178115,0.088215
526440,1079.5,351.6,1098.6,399.4,0.90908,0.351659,0.013141,0.172789,0.251832,0.043523
526440,474.3,242.4,488.2,286.6,0.89771,0.033044,0.083190,0.023095,0.044046,0.153927
526440,923.8,315.7,950.1,366.2,0.89468,0.301763,0.009552,0.217176,0.263585,0.072640
526440,558.5,333.2,580.6,379.8,0.88339,0.006868,0.000626,0.025393,0.204005,0.004197
526440,1091.6,402.3,1110.8,461.3,0.85100,0.404783,0.003755,0.407609,0.074918,0.067358
526440,929.1,167.2,942.3,189.3,0.81942,0.018062,0.000000,0.128806,0.000000,0.039289
526440,950.4,164.8,964.4,186.0,0.81805,0.003307,0.000000,0.065724,0.000000,0.138661
526440,761.0,338.4,780.9,379.4,0.74575,0.187258,0.000000,0.203913,0.154351,0.021283
526440,1066.8,166.3,1082.6,191.9,0.71815,0.005851,0.011264,0.038355,0.000000,0.189521
526440,452.1,244.2,466.6,287.8,0.69834,0.028397,0.031673,0.049458,0.045022,0.168793
526440,713.2,186.5,729.5,239.5,0.67560,0.053554,0.071160,0.069898,0.045572,0.124351
526440,1038.6,163.6,1051.3,186.1,0.65263,0.003307,0.000000,0.089004,0.000000,0.043465
526440,680.5,195.1,694.8,235.1,0.64819,0.075907,0.029900,0.110770,0.025506,0.212915
526440,889.5,168.6,902.8,197.9,0.59237,0.019079,0.011264,0.050172,0.000000,0.184693
526440,1244.6,165.3,1260.4,189.7,0.56205,0.000254,0.000000,0.057830,0.000000,0.172740
526440,1153.9,192.6,1170.4,230.0,0.51193,0.000000,0.000000,0.000000,0.000000,0.267492
526440,343.7,261.1,361.1,302.7,0.39637,0.007632,0.000000,0.035188,0.000000,0.014388
526440,334.2,261.9,354.3,303.7,0.35601,0.018303,0.000000,0.024613,0.000000,0.037807
526440,620.1,169.8,651.4,240.8,0.32233,0.204101,0.000000,0.183926,0.000000,0.020007
526480,972.5,483.6,1001.5,552.8,0.99679,0.503313,0.008294,0.236217,0.094162,0.036022
526480,283.5,476.6,323.7,541.1,0.99211,0.268313,0.005632,0.423362,0.139845,0.072955
526480,642.2,464.7,678.4,531.4,0.98875,0.029353,0.017151,0.102849,0.044539,0.389900
526480,830.2,442.4,853.4,509.0,0.98770,0.249926,0.006459,0.439012,0.168507,0.084465
526480,1180.2,504.5,1206.9,573.5,0.98743,0.254253,0.003528,0.511156,0.073510,0.097906
526480,105.2,512.2,139.4,575.7,0.98597,0.302370,0.008356,0.165834,0.107256,0.022648
526480,802.9,329.6,827.9,376.1,0.96556,0.425515,0.017522,0.293967,0.153829,0.062350
526480,537.0,394.8,562.5,457.1,0.96347,0.463892,0.006258,0.378012,0.192906,0.079586
526480,1068.8,352.4,1087.1,404.9,0.95529,0.163256,0.011429,0.135423,0.253748,0.034571
526480,577.4,375.6,603.9,428.2,0.93648,0.292824,0.003755,0.166548,0.110008,0.017461
526480,613.4,361.1,645.7,418.9,0.90948,0.346385,0.000626,0.428992,0.164905,0.072747
526480,1083.6,403.9,1105.1,461.4,0.90106,0.403559,0.005006,0.376957,0.139399,0.086096
526480,915.3,318.7,938.2,364.1,0.87447,0.259212,0.000000,0.323660,0.162697,0.076748
526480,944.1,165.5,960.3,187.7,0.83197,0.002289,0.000000,0.097036,0.000000,0.132650
526480,464.1,241.9,480.5,289.1,0.82639,0.056981,0.082841,0.040280,0.049662,0.174527
526480,1060.6,166.2,1079.4,192.4,0.82059,0.019588,0.003129,0.064894,0.000000,0.113466
526480,922.0,168.0,936.9,190.4,0.81702,0.026456,0.000000,0.137866,0.000000,0.040458
526480,753.8,339.5,775.1,385.9,0.81349,0.281911,0.003755,0.216639,0.201770,0.050647
526480,552.1,330.7,582.6,380.2,0.76461,0.053093,0.003926,0.071813,0.346698,0.028183
526480,443.3,244.3,459.0,289.9,0.72915,0.032773,0.049431,0.078481,0.049546,0.171552
526480,1238.9,164.6,1254.4,191.1,0.61743,0.003816,0.003129,0.038810,0.000000,0.151362
526480,882.6,169.8,896.7,198.5,0.56628,0.010939,0.003129,0.047337,0.000000,0.181715
526480,611.9,202.2,627.1,243.1,0.48329,0.040854,0.000000,0.124060,0.000000,0.020707
526480,705.3,189.1,722.3,242.9,0.48132,0.093630,0.061761,0.103693,0.110936,0.145642
526480,672.7,197.8,687.5,241.4,0.47750,0.115978,0.052184,0.104627,0.051147,0.198593
526480,322.9,263.0,343.0,306.3,0.38600,0.054184,0.000000,0.052014,0.000000,0.031175
526480,336.1,260.4,352.1,304.3,0.32087,0.014755,0.000000,0.041138,0.000000,0.016187
526480,615.1,386.9,642.1,417.9,0.30621,0.277871,0.010638,0.276351,0.212529,0.116115
526480,1145.4,193.7,1162.3,229.0,0.27848,0.000000,0.000000,0.000000,0.000000,0.287040
526520,967.8,484.0,998.4,553.0,0.99675,0.488504,0.009387,0.228503,0.080713,0.037143
526520,274.3,479.2,314.1,544.7,0.99257,0.257348,0.000000,0.447057,0.130364,0.077102
526520,636.7,466.5,670.4,530.8,0.99000,0.029086,0.013881,0.089896,0.064435,0.385399
526520,1176.8,504.3,1204.1,575.2,0.98887,0.257030,0.002244,0.488843,0.093895,0.111188
526520,825.6,443.7,848.9,506.3,0.98846,0.237844,0.004899,0.443942,0.163417,0.063672
526520,91.0,510.8,124.9,576.9,0.98288,0.326030,0.004421,0.170251,0.088875,0.022776
526520,799.1,330.2,823.6,376.0,0.97292,0.454898,0.021277,0.313959,0.189416,0.062441
526520,531.8,394.7,558.5,456.9,0.96216,0.406810,0.009252,0.415604,0.177484,0.112356
526520,1060.6,352.4,1080.3,405.7,0.95678,0.125966,0.012302,0.114888,0.223284,0.029976
526520,570.0,376.2,596.9,428.6,0.93168,0.304789,0.003755,0.166683,0.140397,0.028824
526520,747.7,337.8,770.2,387.2,0.89068,0.163299,0.003755,0.154393,0.213431,0.038249
526520,459.3,243.6,474.6,287.4,0.87333,0.043077,0.086160,0.037816,0.041115,0.155936
526520,607.6,363.6,638.0,421.0,0.86911,0.376318,0.004380,0.438784,0.177576,0.094912
526520,909.7,318.5,931.9,366.5,0.84328,0.219128,0.001252,0.301186,0.157756,0.077867
526520,940.1,165.7,955.6,187.7,0.82376,0.009158,0.000000,0.102466,0.000000,0.134671
526520,1078.6,405.9,1099.5,463.7,0.81859,0.408037,0.004380,0.383509,0.086554,0.098123
526520,918.2,168.3,932.2,190.1,0.81616,0.015263,0.000000,0.123358,0.000000,0.048022
526520,545.1,331.1,580.0,380.5,0.76976,0.044809,0.004167,0.081160,0.375022,0.024252
526520,1235.3,165.4,1252.5,201.9,0.75989,0.012416,0.040454,0.113306,0.033392,0.125750
526520,437.2,245.3,452.3,291.3,0.74332,0.036253,0.050060,0.049503,0.032907,0.172816
526520,1057.9,166.9,1074.4,191.9,0.65787,0.004579,0.003129,0.027684,0.000000,0.147227
526520,879.0,170.5,893.0,199.0,0.52161,0.005851,0.008761,0.056956,0.000000,0.221846
526520,700.8,189.3,718.5,243.0,0.49303,0.105382,0.079940,0.085347,0.057264,0.147231
526520,316.6,263.4,342.3,306.5,0.48200,0.063379,0.000000,0.064386,0.000000,0.037640
526520,155.2,189.3,200.1,240.7,0.34589,0.344561,0.000000,0.191457,0.000000,0.069620
526520,126.7,225.0,171.1,272.3,0.25756,0.224891,0.000000,0.262951,0.000000,0.039155
526560,963.7,484.2,994.5,553.9,0.99625,0.494922,0.009387,0.229525,0.087438,0.033892
526560,265.3,479.4,308.2,546.4,0.99326,0.261437,0.003073,0.431919,0.182365,0.078696
526560,821.1,444.0,845.1,508.6,0.98967,0.263897,0.002634,0.453372,0.171608,0.081979
526560,629.9,467.0,663.1,532.9,0.98948,0.022478,0.017169,0.098685,0.048912,0.369871
526560,1173.8,507.2,1200.7,574.7,0.98448,0.264062,0.001706,0.490137,0.060873,0.092769
526560,76.1,512.0,111.3,580.7,0.98398,0.318578,0.006336,0.166838,0.100999,0.029746
526560,1052.4,352.6,1073.5,407.0,0.96688,0.227077,0.009190,0.123903,0.232768,0.029351
526560,561.5,376.4,588.9,429.1,0.96605,0.371755,0.004380,0.185013,0.118164,0.028744
526560,526.8,395.5,553.5,457.5,0.95478,0.416835,0.001252,0.425239,0.147619,0.059403
526560,795.1,331.1,819.8,377.1,0.92484,0.487506,0.012245,0.287004,0.165295,0.065831
526560,902.5,318.7,926.0,368.8,0.92223,0.214219,0.002503,0.284856,0.193120,0.075749
526560,936.7,165.0,951.4,187.5,0.88873,0.002035,0.000000,0.065261,0.000000,0.134886
526560,601.1,364.3,630.0,420.9,0.86192,0.375900,0.011264,0.444619,0.180531,0.130424
526560,1072.0,405.3,1095.2,462.8,0.85995,0.402614,0.007113,0.382905,0.096971,0.083147
526560,540.4,330.9,572.4,381.1,0.85212,0.019944,0.000000,0.032473,0.308908,0.007794
526560,1053.0,165.7,1070.8,191.9,0.83864,0.018758,0.000000,0.072116,0.000000,0.126658
526560,913.9,167.3,927.6,189.7,0.82903,0.013991,0.000000,0.153868,0.000000,0.013489
526560,430.1,244.9,446.2,290.8,0.80469,0.044185,0.046821,0.060914,0.026042,0.169472
526560,740.8,335.8,765.2,386.5,0.78150,0.168761,0.003755,0.208608,0.256811,0.030081
526560,452.2,244.5,467.7,288.3,0.73870,0.032921,0.087382,0.017470,0.032205,0.143867
526560,1027.0,164.5,1038.5,186.7,0.67832,0.022386,0.000000,0.084201,0.000000,0.023377
526560,309.5,263.1,334.6,306.4,0.65925,0.029168,0.000000,0.055595,0.000000,0.040646
526560,1232.5,164.8,1250.4,200.3,0.60047,0.029987,0.038670,0.093434,0.021763,0.154841
526560,874.1,169.3,888.6,198.9,0.49356,0.015772,0.003129,0.075840,0.000000,0.211031
526560,696.2,187.7,712.2,240.7,0.49047,0.048499,0.063383,0.061629,0.047867,0.141237
526560,322.0,264.1,338.9,306.2,0.39813,0.026056,0.000000,0.062351,0.000000,0.030253
526560,662.1,197.2,677.1,242.4,0.33076,0.125916,0.046492,0.145371,0.049203,0.207724
526560,294.8,277.2,313.8,309.0,0.30426,0.321827,0.000000,0.139576,0.000000,0.036492
526560,136.2,325.0,174.9,389.4,0.29997,0.370236,0.000000,0.105991,0.000000,0.016189
526560,44.0,234.0,76.5,289.8,0.28730,0.176122,0.000000,0.163482,0.011024,0.037419
526560,125.0,223.6,167.4,272.1,0.27215,0.202492,0.000000,0.203685,0.000000,0.035368
526560,796.9,347.0,815.0,375.2,0.25899,0.489869,0.017522,0.178083,0.079471,0.033273
526600,959.1,483.7,988.8,554.8,0.99608,0.502106,0.013139,0.231578,0.098667,0.041533
526600,622.8,467.8,654.2,534.1,0.99205,0.026268,0.014237,0.098247,0.057060,0.375732
526600,812.8,443.3,839.4,510.2,0.99179,0.257577,0.006468,0.422499,0.153279,0.080765
526600,256.2,481.1,297.9,547.9,0.99036,0.262003,0.000000,0.425753,0.173539,0.068910
526600,53.7,512.9,94.6,583.4,0.97947,0.208099,0.005006,0.112352,0.141270,0.013845
526600,1169.0,507.1,1197.3,575.1,0.97714,0.261145,0.001695,0.474842,0.073409,0.087048
526600,1036.1,353.9,1064.9,408.6,0.97354,0.273969,0.012445,0.101554,0.153226,0.031581
526600,790.7,330.4,814.5,374.8,0.96059,0.470649,0.020769,0.287145,0.146903,0.062595
526600,519.0,395.4,545.6,457.4,0.95792,0.367035,0.003925,0.431840,0.164640,0.060803
526600,553.0,379.4,576.9,428.1,0.95235,0.309582,0.004237,0.162916,0.135392,0.017936
526600,1062.9,404.3,1090.7,464.1,0.92707,0.398571,0.005632,0.410011,0.139700,0.092106
526600,594.5,366.7,617.0,420.7,0.84484,0.390281,0.009387,0.439223,0.134316,0.105152
526600,1048.9,166.0,1064.0,191.9,0.84169,0.011956,0.017751,0.031565,0.000000,0.156290
526600,531.7,326.2,560.2,380.4,0.83414,0.032900,0.011479,0.058350,0.359573,0.016603
526600,444.5,242.2,459.3,287.4,0.82446,0.012734,0.087603,0.031679,0.042466,0.153214
526600,930.3,165.2,946.7,186.9,0.78824,0.001018,0.000000,0.061837,0.000000,0.136444
526600,1228.0,163.7,1245.0,199.9,0.78651,0.018570,0.038736,0.097757,0.007226,0.133563
526600,909.6,167.2,922.1,189.1,0.77674,0.008904,0.000000,0.097268,0.000000,0.034472
526600,895.3,319.9,916.1,366.1,0.74725,0.235559,0.001252,0.365467,0.138038,0.067562
526600,422.3,245.4,437.3,290.8,0.72111,0.017445,0.057042,0.062205,0.036926,0.185565
526600,1251.7,557.1,1279.9,632.2,0.71361,0.450311,0.012516,0.164290,0.137677,0.062945
526600,734.1,331.0,758.5,387.0,0.68456,0.140594,0.000000,0.166587,0.209051,0.041391
526600,1249.0,167.6,1266.9,194.7,0.60051,0.008395,0.000000,0.076242,0.000000,0.084268
526600,1018.4,164.2,1033.4,186.8,0.58527,0.002035,0.000000,0.095005,0.000000,0.047062
526600,290.3,261.8,328.9,310.4,0.56357,0.050708,0.000000,0.081629,0.000000,0.051193
526600,309.7,263.2,328.7,306.6,0.47597,0.046346,0.000000,0.064714,0.000000,0.022912
526600,868.5,168.9,882.2,195.7,0.46608,0.014246,0.001252,0.033357,0.000000,0.191654
526600,110.0,224.6,152.8,272.0,0.35636,0.204457,0.000000,0.224107,0.000000,0.020967
526600,805.9,107.7,850.2,156.5,0.35371,0.256707,0.000000,0.132535,0.000000,0.034613
526600,688.0,189.2,705.1,242.4,0.33064,0.087266,0.071557,0.093424,0.064812,0.137001
526600,28.6,228.7,62.5,291.7,0.30736,0.196299,0.004380,0.152527,0.010672,0.047745
526600,359.3,134.9,404.8,187.3,0.28315,0.244545,0.000000,0.156686,0.000000,0.037471
526600,591.0,192.5,623.7,244.3,0.27507,0.138255,0.000000,0.180872,0.000000,0.014067
526600,386.4,358.6,397.1,374.8,0.25792,0.116530,0.005006,0.091332,0.190003,0.028177
526640,954.1,483.8,985.3,555.8,0.99438,0.501512,0.011890,0.223573,0.081546,0.042591
526640,808.5,444.0,835.8,509.8,0.99284,0.231849,0.003992,0.399636,0.180713,0.084687
526640,616.3,465.7,647.5,536.2,0.99198,0.031922,0.012477,0.098819,0.056796,0.374374
526640,250.4,480.5,292.1,546.7,0.98912,0.269458,0.003842,0.434861,0.187215,0.070172
526640,1167.4,508.5,1192.0,577.4,0.97732,0.257162,0.000000,0.465712,0.038766,0.084020
526640,35.4,510.9,85.0,582.7,0.97590,0.201929,0.004665,0.093804,0.161052,0.015427
526640,1026.6,353.3,1058.4,411.6,0.96262,0.168040,0.008116,0.057426,0.173892,0.021579
526640,786.7,326.5,811.0,374.5,0.94662,0.459946,0.021902,0.294160,0.135301,0.063578
526640,547.1,377.3,572.2,427.8,0.94149,0.303302,0.007476,0.173692,0.160682,0.026473
526640,514.8,394.4,541.4,454.3,0.93880,0.357107,0.003067,0.402207,0.127134,0.044324
526640,1057.3,403.7,1086.3,464.8,0.92332,0.357636,0.006258,0.412525,0.114455,0.098885
526640,437.6,241.8,454.2,288.6,0.89043,0.038914,0.074241,0.030609,0.047325,0.171659
526640,527.2,327.3,556.6,379.0,0.85283,0.027088,0.000626,0.054119,0.288256,0.014596
526640,1248.1,559.4,1280.0,635.2,0.85273,0.489299,0.016270,0.178931,0.070523,0.049531
526640,415.9,245.4,431.8,291.9,0.84533,0.044623,0.075657,0.068780,0.037419,0.180276
526640,905.2,166.6,919.1,188.7,0.84526,0.009921,0.000000,0.104771,0.000000,0.030350
526640,888.5,317.8,909.8,367.3,0.82902,0.177164,0.003129,0.330170,0.169519,0.091438
526640,926.8,164.1,942.4,185.7,0.79237,0.018241,0.008135,0.100161,0.000000,0.148227
526640,1045.1,164.0,1060.9,190.9,0.75988,0.014755,0.000000,0.052067,0.000000,0.144142
526640,595.1,359.6,610.6,410.0,0.71479,0.358475,0.009387,0.443076,0.127297,0.095253
526640,1122.7,192.3,1140.5,231.3,0.65352,0.000000,0.005155,0.000000,0.000000,0.360463
526640,1016.2,163.0,1030.5,186.0,0.61626,0.028672,0.000000,0.099597,0.000000,0.047899
526640,730.0,328.2,754.0,388.2,0.60132,0.137387,0.000000,0.128820,0.165077,0.034772
526640,587.2,198.6,604.1,244.2,0.55178,0.060268,0.000000,0.140414,0.000000,0.029711
526640,1226.2,163.3,1241.0,187.5,0.53914,0.012465,0.003129,0.112218,0.000000,0.103075
526640,650.6,194.1,664.3,238.3,0.53409,0.078862,0.035670,0.098554,0.042282,0.183963
526640,683.1,185.4,700.6,238.9,0.53177,0.035421,0.082320,0.102821,0.044409,0.111410
526640,1245.6,166.9,1263.9,193.2,0.52845,0.019260,0.000000,0.078649,0.000000,0.056711
526640,864.2,167.9,878.5,196.2,0.45028,0.009747,0.003129,0.050262,0.000000,0.199122
526640,587.6,401.4,602.1,423.7,0.42623,0.109896,0.006884,0.101940,0.117029,0.032074
526640,287.7,260.6,322.3,309.5,0.34348,0.081069,0.000000,0.100702,0.000000,0.041137
526640,131.4,189.0,177.9,240.5,0.29736,0.300216,0.001252,0.189618,0.000000,0.063632
526640,386.5,161.8,428.5,213.1,0.26273,0.157597,0.001252,0.101008,0.003551,0.155749
526640,588.8,174.3,620.2,240.8,0.25187,0.162066,0.000000,0.183572,0.000000,0.019202
526680,951.2,483.5,981.8,556.4,0.99488,0.504297,0.011212,0.239085,0.071451,0.035529
526680,804.3,444.8,829.6,508.7,0.99366,0.218101,0.003331,0.418490,0.139165,0.086244
526680,243.6,479.0,283.4,545.6,0.98756,0.306513,0.002033,0.456439,0.174124,0.057327
526680,609.3,463.9,639.5,535.0,0.98502,0.037896,0.018249,0.083661,0.059441,0.364409
526680,1161.3,506.4,1188.9,576.7,0.98078,0.259427,0.001618,0.510659,0.093542,0.103764
526680,1243.8,559.8,1278.9,634.5,0.97496,0.459914,0.011453,0.193419,0.074515,0.035575
526680,1014.8,355.0,1048.9,414.5,0.97175,0.153299,0.009129,0.071831,0.140917,0.028576
526680,537.6,376.7,562.7,429.2,0.95056,0.275477,0.003129,0.166901,0.141039,0.023598
526680,507.1,394.3,534.3,455.3,0.94991,0.382198,0.005650,0.396026,0.090877,0.034762
526680,1053.7,403.7,1080.2,463.9,0.94674,0.353279,0.004380,0.394009,0.098140,0.085091
526680,1040.4,162.1,1056.9,189.5,0.90172,0.052771,0.000000,0.100316,0.000000,0.137300
526680,778.9,326.0,804.2,373.4,0.89969,0.380957,0.016896,0.205687,0.155362,0.041118
526680,921.7,162.6,936.9,184.9,0.87932,0.009921,0.000000,0.099623,0.000000,0.090984
526680,519.2,324.0,548.5,376.4,0.84183,0.008551,0.000000,0.026935,0.261709,0.008034
526680,898.4,164.8,912.2,186.8,0.83412,0.021877,0.000000,0.146106,0.000000,0.043523
526680,429.1,240.6,444.9,287.4,0.81337,0.027880,0.071002,0.018822,0.034985,0.165871
526680,1011.6,159.9,1025.0,184.7,0.79917,0.044610,0.000000,0.105338,0.000000,0.015288
526680,584.2,361.2,600.7,413.7,0.79369,0.381632,0.003755,0.419278,0.082818,0.079013
526680,1221.7,160.8,1237.9,186.0,0.73800,0.003816,0.000000,0.067693,0.000000,0.107135
526680,721.4,321.1,745.8,383.6,0.72637,0.190362,0.000000,0.217479,0.207634,0.032086
526680,405.9,243.9,423.1,289.6,0.69824,0.026145,0.069456,0.051477,0.017992,0.195692
526680,675.8,183.7,693.7,238.9,0.63865,0.084910,0.080546,0.089212,0.057389,0.129887
526680,882.6,317.6,901.0,353.8,0.63805,0.164543,0.003129,0.202165,0.187266,0.027878
526680,1242.9,165.2,1258.7,190.0,0.62700,0.001272,0.000000,0.095945,0.000000,0.039274
526680,284.8,260.6,313.3,306.7,0.56842,0.056550,0.000000,0.079360,0.000000,0.032840
526680,581.5,200.7,595.9,242.0,0.54011,0.030034,0.000000,0.111945,0.000000,0.022985
526680,858.4,166.7,872.0,194.8,0.52412,0.003561,0.003129,0.014748,0.000000,0.167574
526680,643.5,193.8,656.8,237.5,0.45630,0.076155,0.036921,0.107350,0.044668,0.210789
526680,13.5,513.6,64.3,579.1,0.43635,0.202335,0.003142,0.115205,0.137160,0.013073
526680,6.1,335.0,52.7,421.2,0.37877,0.179542,0.016781,0.241106,0.046270,0.111967
526680,876.1,344.1,894.1,368.5,0.32015,0.257993,0.005006,0.187802,0.138094,0.046763
526680,248.1,191.5,294.4,241.2,0.30654,0.238587,0.000000,0.203018,0.002188,0.139327
526680,377.9,161.3,419.0,213.1,0.27504,0.190819,0.000626,0.118838,0.005445,0.127086
526680,842.4,81.2,880.5,147.6,0.26178,0.161732,0.000000,0.129261,0.000000,0.078628
526680,587.7,359.7,600.1,394.6,0.26105,0.312156,0.003755,0.303531,0.047444,0.041086
526680,104.9,322.4,142.9,388.2,0.25388,0.363528,0.000000,0.136352,0.000000,0.030276
526720,948.6,483.9,977.2,556.6,0.99331,0.474999,0.011854,0.232359,0.081505,0.035287
526720,801.4,442.3,827.9,509.8,0.99202,0.263435,0.002610,0.463108,0.160329,0.075397
526720,604.5,462.5,632.0,532.2,0.99104,0.034958,0.013445,0.109115,0.045511,0.364564
526720,241.0,478.1,279.0,545.6,0.98794,0.271534,0.001996,0.397345,0.181530,0.058241
526720,1159.7,506.7,1186.6,578.2,0.98468,0.268863,0.000626,0.503187,0.087639,0.085006
526720,1012.1,357.7,1042.9,414.2,0.97760,0.340795,0.008287,0.153037,0.194093,0.033002
526720,1241.8,560.6,1279.8,637.4,0.96814,0.462685,0.011264,0.213734,0.064110,0.043216
526720,1049.2,404.1,1078.3,464.5,0.95887,0.413469,0.003755,0.413661,0.134147,0.077203
526720,503.7,394.2,529.9,454.4,0.93245,0.369960,0.000000,0.399213,0.121187,0.041052
526720,775.3,324.6,801.0,373.0,0.92897,0.552858,0.014822,0.299879,0.118257,0.046972
526720,1107.1,189.0,1130.0,229.3,0.87115,0.000254,0.007824,0.009390,0.000000,0.336808
526720,423.5,242.0,439.1,287.4,0.86658,0.006560,0.080485,0.019658,0.023351,0.157630
526720,1036.6,162.7,1052.1,188.6,0.86412,0.000000,0.003129,0.006210,0.000000,0.123550
526720,400.2,242.4,417.3,290.2,0.85323,0.032370,0.094156,0.090653,0.048996,0.207988
526720,531.6,374.9,557.0,426.1,0.82733,0.314414,0.003722,0.175806,0.125316,0.025573
526720,872.1,318.3,895.9,368.8,0.82610,0.229859,0.007509,0.334682,0.176900,0.093986
526720,714.0,318.6,740.7,380.9,0.77898,0.129489,0.000000,0.142713,0.186146,0.019881
526720,575.6,362.2,594.4,420.2,0.75659,0.415013,0.003650,0.442286,0.084347,0.082202
526720,1008.9,159.8,1022.5,183.8,0.74386,0.036835,0.000000,0.159388,0.000000,0.044878
526720,917.6,162.4,932.8,183.7,0.73356,0.046319,0.008135,0.125290,0.000000,0.118652
526720,673.0,184.4,688.7,230.7,0.72729,0.023910,0.066357,0.080307,0.010832,0.139966
526720,895.1,163.8,908.5,186.1,0.68778,0.043200,0.000000,0.167581,0.000000,0.056055
526720,513.6,319.8,539.1,376.6,0.67896,0.015507,0.003175,0.023426,0.316865,0.007071
526720,1219.1,160.3,1235.7,185.2,0.63875,0.023404,0.011264,0.080473,0.000000,0.171763
526720,291.1,260.1,306.5,304.6,0.58475,0.038971,0.000000,0.040220,0.000000,0.012890
526720,855.5,164.3,869.6,195.5,0.56033,0.028491,0.003129,0.099446,0.002251,0.167998
526720,637.8,191.7,653.5,239.8,0.55429,0.114785,0.029412,0.163103,0.042658,0.202084
526720,276.6,262.3,296.5,306.8,0.54646,0.047558,0.000000,0.045004,0.000000,0.038411
526720,571.2,169.7,603.3,240.0,0.45784,0.157422,0.000000,0.179982,0.000000,0.018563
526720,575.1,194.4,592.7,242.2,0.42782,0.073506,0.000000,0.184084,0.000000,0.036554
526720,572.4,396.1,588.7,421.1,0.42354,0.248932,0.006258,0.216588,0.193079,0.080635
526720,383.2,156.8,413.7,210.0,0.36144,0.053425,0.000000,0.046313,0.000000,0.134498
526720,0.5,333.5,44.6,421.8,0.35402,0.185094,0.018011,0.243292,0.041621,0.113144
526720,113.9,188.7,156.5,239.0,0.34152,0.348092,0.005006,0.173259,0.000000,0.075570
526720,3.4,521.1,51.6,575.5,0.26744,0.191560,0.001252,0.122459,0.136759,0.021794
526720,348.2,160.1,395.9,213.1,0.25043,0.235619,0.000000,0.161714,0.000750,0.036436
526760,946.2,484.1,974.4,556.8,0.99488,0.488802,0.011961,0.239756,0.077135,0.035293
526760,235.6,477.5,276.0,545.1,0.99260,0.273279,0.000000,0.426293,0.174554,0.067531
526760,1156.6,506.8,1184.1,577.0,0.99238,0.259547,0.000626,0.494703,0.100245,0.099314
526760,798.4,442.2,823.9,506.1,0.99225,0.248575,0.002675,0.424023,0.150597,0.073402
526760,599.3,461.9,627.4,530.3,0.98953,0.035156,0.016911,0.083837,0.045950,0.375557
526760,1242.0,559.8,1277.9,638.8,0.98517,0.488661,0.009387,0.205302,0.077656,0.037238
526760,1006.9,357.4,1035.2,414.1,0.97756,0.175539,0.003906,0.075417,0.255559,0.009901
526760,1045.9,403.9,1075.9,464.8,0.95976,0.360133,0.004380,0.387853,0.069653,0.085287
526760,500.3,392.0,526.3,454.8,0.95370,0.416898,0.003755,0.408895,0.111489,0.050461
526760,775.3,323.3,799.3,373.4,0.93105,0.509627,0.017522,0.263656,0.111433,0.037698
526760,526.2,373.9,551.1,427.1,0.87121,0.292611,0.000000,0.178057,0.110560,0.014118
526760,417.4,240.9,434.5,288.1,0.86122,0.022941,0.098242,0.019199,0.020102,0.164308
526760,1033.5,161.6,1049.1,188.5,0.86107,0.008904,0.023242,0.015017,0.000000,0.129524
526760,868.9,317.2,891.7,365.3,0.84933,0.195620,0.008761,0.312497,0.176366,0.094333
526760,707.8,317.3,736.0,377.4,0.83834,0.126599,0.000000,0.143609,0.164906,0.014988
526760,568.0,361.5,588.4,418.8,0.81087,0.361334,0.009387,0.484597,0.122726,0.100335
526760,396.8,242.2,411.4,291.3,0.79167,0.066281,0.110044,0.110365,0.065257,0.204556
526760,510.0,316.5,535.2,374.3,0.78171,0.016790,0.000000,0.035150,0.327699,0.005396
526760,915.2,160.6,929.7,183.3,0.75191,0.005851,0.000000,0.085318,0.000000,0.141314
526760,285.5,257.9,300.4,303.5,0.74089,0.034687,0.000000,0.066099,0.000000,0.015588
526760,1106.4,186.4,1127.5,229.4,0.73840,0.000000,0.016574,0.007324,0.000000,0.313105
526760,1005.6,159.1,1019.5,182.2,0.70493,0.017298,0.000000,0.126980,0.000000,0.053377
526760,570.9,195.9,586.9,240.9,0.65291,0.041846,0.000000,0.136780,0.000000,0.023704
526760,634.3,191.1,648.7,234.4,0.65047,0.064845,0.022132,0.124405,0.032227,0.204914
526760,667.5,182.6,685.1,235.4,0.62732,0.050729,0.055620,0.085815,0.025463,0.150021
526760,892.8,163.5,905.6,185.0,0.61529,0.008649,0.000000,0.131896,0.000000,0.060272
526760,851.5,163.5,867.4,194.1,0.58448,0.036184,0.003129,0.100886,0.000000,0.144876
526760,271.1,262.2,291.1,306.8,0.57830,0.048679,0.000000,0.040925,0.000000,0.039963
526760,1216.9,159.2,1233.7,184.9,0.49802,0.008140,0.003129,0.078173,0.000000,0.151469
526760,378.6,158.2,406.8,211.4,0.44678,0.068240,0.000000,0.093628,0.000000,0.153616
526760,875.2,317.3,890.6,349.6,0.42346,0.154033,0.001877,0.175482,0.192991,0.020084
526760,260.9,258.9,299.4,308.9,0.39740,0.029231,0.000000,0.046500,0.000000,0.034999
526760,106.4,188.1,149.8,239.0,0.31896,0.345707,0.001252,0.192438,0.000000,0.071928
526760,359.1,358.6,370.0,374.5,0.27888,0.139624,0.005632,0.106856,0.168042,0.029976
526800,943.5,484.3,970.7,557.6,0.99736,0.485649,0.016270,0.240773,0.080726,0.035640
526800,232.5,477.2,267.3,546.4,0.99378,0.279293,0.000000,0.450812,0.178222,0.057219
526800,793.5,439.3,822.8,507.5,0.99303,0.254736,0.005006,0.466783,0.165564,0.073561
526800,593.0,461.1,620.9,525.3,0.98911,0.037887,0.014071,0.106241,0.045149,0.380900
526800,1240.5,558.9,1274.0,638.9,0.98628,0.503790,0.009387,0.231098,0.072159,0.049186
526800,1155.6,506.6,1184.3,579.3,0.98560,0.256119,0.002764,0.500258,0.095123,0.076978
526800,1002.3,356.2,1025.5,414.2,0.97436,0.202386,0.006258,0.100394,0.244764,0.019856
526800,1043.4,404.2,1070.4,465.3,0.94460,0.354049,0.003755,0.406488,0.120091,0.068141
526800,496.2,391.4,518.9,453.1,0.94401,0.352001,0.005006,0.395232,0.047522,0.049695
526800,560.6,356.8,582.6,417.4,0.93447,0.412077,0.003096,0.420249,0.084794,0.072430
526800,769.7,319.6,796.4,372.9,0.92219,0.436152,0.013141,0.243800,0.141436,0.045180
526800,517.4,371.2,544.0,425.7,0.91300,0.297598,0.008626,0.150694,0.137853,0.018275
526800,700.7,316.3,728.9,374.4,0.85422,0.114237,0.000000,0.150102,0.224269,0.016105
526800,501.5,316.9,522.0,372.4,0.85061,0.003561,0.000000,0.022323,0.278999,0.000899
526800,408.5,239.0,426.3,287.8,0.84054,0.021315,0.107388,0.014230,0.035290,0.180817
526800,387.6,240.9,403.8,289.9,0.76329,0.026745,0.096324,0.080920,0.055070,0.190491
526800,1029.9,160.6,1047.2,186.3,0.74099,0.000000,0.008135,0.013195,0.000000,0.139725
526800,863.5,317.5,885.5,367.8,0.73214,0.219657,0.012599,0.286242,0.197879,0.079576
526800,888.8,160.8,902.2,183.7,0.67306,0.004579,0.000000,0.122298,0.000000,0.005396
526800,1215.2,157.5,1231.3,191.0,0.65209,0.032663,0.040563,0.085937,0.015873,0.167000
526800,911.3,159.0,925.4,182.4,0.56359,0.013483,0.016756,0.094332,0.000000,0.117217
526800,663.1,181.8,679.5,226.0,0.51930,0.030541,0.061467,0.094011,0.009603,0.142741
526800,261.4,261.7,282.4,306.9,0.51026,0.071234,0.000000,0.077913,0.000000,0.054975
526800,1236.5,162.1,1253.9,187.5,0.40836,0.004070,0.003129,0.091342,0.000000,0.087273
526800,565.0,197.1,580.9,240.4,0.40596,0.033261,0.000000,0.152442,0.000000,0.020523
526800,367.6,155.5,399.1,210.8,0.39757,0.096317,0.000000,0.058359,0.000000,0.139333
526800,847.2,162.3,863.5,191.9,0.36609,0.040193,0.003129,0.064882,0.003751,0.183751
526800,274.3,260.2,291.9,304.4,0.35237,0.016907,0.000000,0.040656,0.000000,0.017086
526800,1098.2,186.1,1126.1,228.3,0.31828,0.000000,0.003129,0.000259,0.000000,0.389736
526800,95.0,183.8,138.4,235.4,0.27557,0.297114,0.001252,0.209117,0.002558,0.086688
526800,869.3,318.0,885.1,351.6,0.26849,0.106114,0.001877,0.149402,0.195206,0.030596
526840,941.6,485.5,969.7,558.5,0.99686,0.487968,0.014351,0.234888,0.100310,0.039977
526840,232.4,476.4,263.5,545.8,0.99346,0.281544,0.000000,0.472013,0.183207,0.064865
526840,791.8,439.6,819.0,507.7,0.99313,0.244393,0.004380,0.455224,0.176814,0.081353
526840,588.9,462.1,616.4,525.5,0.99277,0.039009,0.015877,0.110241,0.045617,0.364288
526840,1153.9,505.9,1182.3,579.1,0.98821,0.250689,0.003472,0.533727,0.095121,0.082942
526840,1239.5,560.7,1266.4,639.7,0.98761,0.517627,0.010638,0.233896,0.060719,0.039367
526840,999.0,356.0,1021.0,412.4,0.97802,0.235320,0.002503,0.131057,0.243143,0.011391
526840,766.3,318.4,793.6,373.3,0.96882,0.463724,0.010638,0.234657,0.116464,0.045587
526840,1041.7,403.5,1067.7,465.4,0.94820,0.293814,0.002494,0.375587,0.107496,0.042241
526840,495.6,389.2,516.0,453.2,0.93987,0.331987,0.004380,0.424625,0.050662,0.063300
526840,859.7,315.9,882.9,369.3,0.90923,0.220509,0.001877,0.344986,0.188203,0.077715
526840,696.4,314.3,725.4,373.0,0.89761,0.117382,0.000626,0.153243,0.270988,0.022835
526840,555.4,355.6,580.1,415.0,0.86114,0.324829,0.005533,0.433827,0.053588,0.082963
526840,382.4,240.7,399.1,289.7,0.83708,0.034850,0.036112,0.107386,0.031094,0.179271
526840,404.5,240.1,421.2,288.5,0.81323,0.011567,0.084125,0.013029,0.027474,0.174085
526840,510.0,372.1,539.9,426.4,0.79811,0.344982,0.005632,0.178556,0.145496,0.030778
526840,1027.5,160.9,1044.4,185.9,0.79329,0.003816,0.008761,0.004916,0.000000,0.117276
526840,908.3,158.5,923.0,182.3,0.74364,0.021237,0.000000,0.117365,0.000000,0.142938
526840,260.3,257.5,285.9,306.2,0.71668,0.030198,0.000000,0.040941,0.000000,0.032911
526840,1001.0,157.9,1015.2,181.4,0.70381,0.035410,0.000000,0.112534,0.000000,0.053555
526840,1213.5,157.5,1230.9,192.4,0.67739,0.025226,0.044127,0.125782,0.024272,0.124025
526840,886.4,160.8,899.2,184.9,0.64921,0.037904,0.000000,0.173062,0.000000,0.030513
526840,498.0,317.6,516.3,369.1,0.58462,0.006868,0.000000,0.012963,0.285158,0.000899
526840,255.7,262.6,277.1,308.4,0.55547,0.077117,0.000000,0.063557,0.000000,0.027019
526840,239.5,273.0,259.3,309.9,0.45023,0.272004,0.000000,0.127535,0.000000,0.022182
526840,658.5,181.5,676.1,234.0,0.42369,0.039201,0.056052,0.071388,0.035713,0.131051
526840,624.3,190.0,638.1,236.5,0.42355,0.097280,0.037687,0.140541,0.040560,0.210454
526840,844.8,163.2,858.6,190.5,0.40532,0.019334,0.004380,0.032978,0.000000,0.183816
526840,85.4,190.0,132.0,239.2,0.27409,0.247096,0.003491,0.157502,0.002865,0.064219
526880,939.0,489.3,968.9,560.4,0.99623,0.461679,0.012220,0.235526,0.101057,0.038187
526880,228.7,477.9,261.2,551.7,0.99365,0.251815,0.000000,0.460082,0.191904,0.064135
526880,787.9,441.6,814.3,508.2,0.99323,0.239127,0.001252,0.436686,0.143455,0.069273
526880,580.0,464.2,610.3,527.9,0.98972,0.031204,0.013740,0.088946,0.062826,0.348914
526880,1236.2,562.4,1263.2,644.0,0.98901,0.505357,0.012286,0.243578,0.079887,0.054398
526880,1152.0,507.1,1180.4,580.2,0.98575,0.229218,0.002503,0.513539,0.073140,0.095280
526880,991.5,357.2,1014.5,414.1,0.98082,0.265358,0.005068,0.138297,0.222399,0.011990
526880,766.1,319.0,792.9,374.9,0.95023,0.437631,0.007402,0.250706,0.095723,0.041208
526880,1038.2,404.4,1063.1,467.6,0.94115,0.280679,0.000000,0.390702,0.094897,0.057734
526880,489.1,388.0,510.0,456.6,0.94099,0.323471,0.008131,0.449008,0.083648,0.071732
526880,507.8,374.7,532.2,427.3,0.92749,0.321109,0.006090,0.184704,0.149744,0.031082
526880,693.8,314.6,720.6,373.3,0.91131,0.089022,0.000000,0.143956,0.266774,0.025478
526880,549.8,355.5,572.9,416.7,0.90577,0.318886,0.004201,0.426253,0.058400,0.084211
526880,855.1,316.6,877.1,370.5,0.87127,0.246204,0.001252,0.352960,0.142625,0.073852
526880,1092.3,184.7,1118.3,227.8,0.86233,0.000000,0.008135,0.010210,0.000000,0.260740
526880,397.0,240.7,413.7,289.0,0.85843,0.033466,0.093299,0.014757,0.027452,0.160420
526880,1024.2,161.2,1041.9,186.5,0.85088,0.001781,0.009387,0.002587,0.000000,0.141586
526880,997.8,157.3,1012.2,181.2,0.82454,0.003307,0.000000,0.101361,0.000000,0.052703
526880,492.0,319.2,509.8,369.9,0.80541,0.006105,0.000000,0.029289,0.262283,0.006223
526880,882.8,161.0,894.9,184.4,0.78793,0.001272,0.000000,0.101164,0.000000,0.021283
526880,905.5,158.8,920.5,182.0,0.75126,0.006105,0.000000,0.091984,0.000000,0.115423
526880,374.9,242.4,390.2,290.2,0.71005,0.038387,0.048175,0.098940,0.025577,0.186012
526880,1212.5,157.6,1230.3,192.8,0.67045,0.040142,0.045925,0.116247,0.037530,0.139921
526880,247.0,261.6,271.5,308.2,0.58659,0.050470,0.000000,0.066398,0.000000,0.026445
526880,841.2,163.1,854.5,191.2,0.57732,0.007123,0.008761,0.044921,0.000000,0.192240
526880,651.6,181.6,670.7,235.6,0.50708,0.051972,0.058989,0.086774,0.026515,0.147418
526880,258.0,261.0,276.7,307.2,0.46757,0.021811,0.000000,0.040135,0.000000,0.016487
526880,763.9,321.1,781.4,371.4,0.45877,0.421652,0.024406,0.208638,0.175978,0.047147
526880,229.3,275.8,252.1,320.5,0.40472,0.361708,0.000000,0.158265,0.000000,0.013356
526880,1235.0,161.4,1252.1,186.4,0.39329,0.004579,0.000000,0.097879,0.000000,0.117305
526880,618.8,190.4,633.2,234.5,0.38541,0.052801,0.036580,0.086406,0.015585,0.171750
526880,304.2,129.7,345.7,180.7,0.30498,0.266256,0.000000,0.168275,0.000000,0.030996
526880,76.4,188.5,121.7,239.5,0.30216,0.325392,0.001877,0.229041,0.004662,0.079732
526920,938.0,490.3,967.5,562.1,0.99626,0.530645,0.013079,0.229117,0.096965,0.035753
526920,785.8,443.6,814.6,509.8,0.99491,0.228335,0.003228,0.446512,0.160700,0.069446
526920,223.7,479.5,256.3,555.4,0.99420,0.287180,0.005006,0.485688,0.158894,0.078635
526920,575.5,466.2,606.0,531.8,0.98993,0.018253,0.008951,0.087182,0.039060,0.351910
526920,1233.7,563.8,1261.9,648.1,0.98953,0.506152,0.010852,0.236746,0.060040,0.051683
526920,1152.3,507.7,1182.0,584.1,0.98235,0.235965,0.001252,0.533263,0.072974,0.085681
526920,987.6,358.1,1011.2,420.2,0.97435,0.293624,0.008408,0.136434,0.255138,0.024996
526920,544.7,352.6,574.9,417.6,0.96039,0.314046,0.004380,0.430207,0.068382,0.086403
526920,1036.7,405.6,1059.0,467.3,0.95041,0.311418,0.000000,0.374964,0.108037,0.020370
526920,852.6,316.5,876.7,373.5,0.94240,0.244404,0.007239,0.409472,0.215861,0.087901
526920,692.3,318.1,717.1,374.4,0.93474,0.172792,0.000000,0.221175,0.183159,0.018427
526920,763.6,319.6,792.6,377.7,0.93350,0.451073,0.006502,0.247489,0.139127,0.037467
526920,485.9,388.0,505.9,455.2,0.93066,0.305002,0.002838,0.463851,0.076124,0.056525
526920,390.3,241.5,408.8,289.9,0.88283,0.021826,0.094155,0.022597,0.045467,0.163098
526920,501.1,377.2,528.7,428.5,0.87296,0.310342,0.002695,0.200420,0.111952,0.023974
526920,1024.1,160.0,1040.6,185.9,0.86314,0.002035,0.000000,0.034815,0.000000,0.119527
526920,369.2,242.7,384.9,291.6,0.84822,0.038430,0.070553,0.090160,0.043131,0.199818
526920,881.1,161.2,893.9,183.9,0.82065,0.000000,0.000000,0.086264,0.000000,0.045712
526920,1089.4,185.1,1115.6,228.3,0.81935,0.000000,0.003129,0.010324,0.000000,0.302868
526920,996.6,157.8,1010.8,180.8,0.76239,0.028746,0.000000,0.161284,0.000000,0.046061
526920,486.8,320.7,504.9,372.0,0.69142,0.003561,0.000000,0.014489,0.269163,0.000300
526920,1212.9,156.7,1230.5,188.0,0.67718,0.037631,0.023780,0.104018,0.005714,0.120973
526920,649.3,182.7,667.3,235.3,0.63485,0.038405,0.058155,0.078289,0.037641,0.144244
526920,903.6,159.6,917.5,181.9,0.62464,0.007377,0.000000,0.112432,0.000000,0.138022
526920,242.8,259.8,270.8,309.0,0.59005,0.045121,0.000000,0.073047,0.000000,0.037901
526920,839.3,163.2,853.1,190.8,0.50929,0.023912,0.000626,0.065845,0.000000,0.210570
526920,616.1,191.9,631.5,245.0,0.48999,0.149348,0.032970,0.174578,0.045043,0.208370
526920,549.9,196.5,566.4,241.1,0.40131,0.024188,0.000000,0.122600,0.000000,0.020225
526920,267.6,166.3,304.3,224.2,0.30239,0.404556,0.000000,0.240847,0.000000,0.053566
526920,222.3,276.8,242.6,315.1,0.25222,0.397450,0.000000,0.163753,0.000000,0.020423
526960,782.6,444.9,814.1,513.7,0.99336,0.245685,0.006933,0.423903,0.142922,0.079175
526960,217.9,480.9,261.0,557.1,0.99134,0.254900,0.007379,0.440890,0.155192,0.086339
526960,935.8,492.8,965.6,562.8,0.99074,0.520152,0.011235,0.248843,0.088353,0.035222
526960,571.6,467.6,602.8,536.2,0.98976,0.021658,0.014301,0.094578,0.040966,0.336776
526960,1229.0,565.1,1261.3,651.6,0.98848,0.507556,0.020346,0.255635,0.085632,0.062497
526960,1151.0,509.7,1182.0,586.6,0.98253,0.223647,0.001527,0.492115,0.061397,0.085530
526960,983.7,360.3,1007.2,422.2,0.97590,0.497829,0.010638,0.233754,0.116864,0.041048
526960,1034.4,407.3,1054.9,468.0,0.95986,0.300291,0.003755,0.459858,0.095253,0.041978
526960,482.6,389.4,501.9,454.6,0.94746,0.291714,0.000000,0.440775,0.042306,0.049957
526960,691.6,319.3,713.3,375.1,0.94551,0.236705,0.002857,0.244812,0.140015,0.023878
526960,760.2,319.6,792.7,380.1,0.94349,0.494899,0.014194,0.241369,0.142786,0.033002
526960,540.9,352.7,561.6,416.3,0.91069,0.371709,0.000000,0.415246,0.065896,0.046052
526960,497.5,375.0,525.2,430.4,0.90696,0.385273,0.006906,0.216001,0.135994,0.048080
526960,385.8,241.6,404.6,290.8,0.87924,0.009391,0.082593,0.014657,0.019945,0.158306
526960,364.4,244.8,380.4,294.2,0.85608,0.041336,0.072401,0.047410,0.059538,0.154850
526960,1023.2,160.1,1039.2,186.6,0.84646,0.005851,0.011264,0.044830,0.001500,0.125917
526960,850.4,318.4,873.2,374.5,0.84124,0.326579,0.009257,0.427057,0.132639,0.081586
526960,481.3,318.9,503.8,372.0,0.79149,0.020719,0.001252,0.073257,0.311031,0.021086
526960,995.7,157.1,1010.0,181.7,0.76713,0.015009,0.000000,0.113848,0.000000,0.062129
526960,901.8,158.9,916.7,182.4,0.68911,0.022641,0.000000,0.135960,0.000000,0.113416
526960,878.3,161.6,892.5,185.3,0.67472,0.006614,0.000000,0.083778,0.000000,0.058762
526960,1212.6,156.6,1230.3,186.5,0.66172,0.014755,0.017399,0.093288,0.000000,0.158213
526960,646.8,182.4,663.6,228.6,0.54388,0.038182,0.078288,0.069929,0.015529,0.143985
526960,836.2,162.9,851.1,194.2,0.53108,0.016026,0.003129,0.043059,0.000000,0.193901
526960,233.7,264.9,259.2,312.1,0.50973,0.108424,0.000000,0.117352,0.000000,0.055494
526960,1234.7,161.4,1252.2,186.7,0.36364,0.010176,0.000000,0.097258,0.000000,0.128172
526960,611.8,192.1,625.1,238.4,0.35697,0.082990,0.052054,0.104964,0.030950,0.224795
526960,65.8,184.1,101.4,241.9,0.34104,0.316985,0.000000,0.241043,0.007653,0.095954
526960,25.3,221.0,71.3,271.5,0.25089,0.222613,0.000000,0.262373,0.000000,0.018240
527000,933.8,493.2,964.2,564.8,0.99500,0.483388,0.013018,0.233814,0.092900,0.039859
527000,566.4,467.8,598.9,537.3,0.99489,0.030132,0.017807,0.091211,0.044970,0.348034
527000,778.8,446.8,811.0,515.2,0.99190,0.249922,0.006253,0.414766,0.165189,0.077624
527000,208.4,483.7,258.6,558.5,0.99134,0.231755,0.004380,0.432019,0.134135,0.077298
527000,1150.6,512.7,1182.3,590.1,0.98357,0.220939,0.001453,0.498017,0.060906,0.081510
527000,1222.9,570.3,1258.2,655.1,0.98151,0.419982,0.010803,0.207608,0.086827,0.039292
527000,977.3,362.2,1003.0,427.0,0.97814,0.315747,0.006884,0.143858,0.179916,0.036197
527000,756.5,321.0,792.4,379.8,0.97739,0.454254,0.017522,0.214560,0.145011,0.030541
527000,1030.1,408.5,1051.2,471.3,0.97355,0.272740,0.003755,0.398642,0.095545,0.050310
527000,686.4,320.6,709.5,377.2,0.96739,0.223768,0.000000,0.213167,0.120941,0.015645
527000,476.4,391.3,497.0,458.1,0.95985,0.306478,0.005255,0.436877,0.053798,0.061351
527000,378.2,243.7,395.8,290.0,0.91426,0.019943,0.065141,0.020614,0.047184,0.160928
527000,532.7,353.7,559.8,415.9,0.91318,0.371618,0.000000,0.445785,0.089785,0.062694
527000,490.7,374.8,519.0,434.0,0.89952,0.396828,0.014956,0.221288,0.121613,0.060346
527000,1022.1,159.3,1037.9,186.2,0.89348,0.022132,0.016270,0.076224,0.000000,0.125812
527000,848.8,318.0,870.3,374.1,0.81498,0.261483,0.004585,0.384411,0.132513,0.065528
527000,994.0,157.5,1007.8,181.9,0.79947,0.011956,0.000000,0.099051,0.000000,0.047702
527000,356.7,243.9,372.5,293.1,0.79335,0.020693,0.082124,0.077376,0.023921,0.127860
527000,875.7,160.8,888.8,184.4,0.75245,0.030018,0.000000,0.113801,0.000000,0.045182
527000,899.4,158.2,914.3,182.5,0.74337,0.027474,0.000000,0.114585,0.000000,0.165601
527000,475.5,322.9,499.5,372.5,0.73461,0.011851,0.000000,0.045338,0.236860,0.017409
527000,228.1,259.2,256.0,310.9,0.72471,0.036466,0.000000,0.102483,0.000000,0.040274
527000,833.1,161.0,847.2,193.7,0.70760,0.016535,0.003129,0.073248,0.001500,0.178980
527000,1212.4,156.3,1230.5,186.5,0.66682,0.027321,0.017216,0.108940,0.003751,0.133393
527000,539.4,195.0,557.7,243.3,0.56083,0.050149,0.000000,0.163881,0.000000,0.016175
527000,642.3,182.3,658.0,225.2,0.45860,0.028022,0.070589,0.074471,0.003001,0.140205
527000,606.2,190.2,620.3,238.6,0.43344,0.074431,0.050202,0.095596,0.019155,0.206818
527000,1235.3,162.2,1251.9,187.1,0.38461,0.016770,0.003129,0.112873,0.000000,0.154914
527000,52.2,188.1,97.1,239.8,0.32416,0.285195,0.001252,0.215693,0.004348,0.083417
527000,512.1,105.9,556.1,157.1,0.28918,0.064152,0.000000,0.045573,0.000000,0.073311
527000,636.8,180.6,658.5,242.7,0.28650,0.083792,0.069138,0.109559,0.063863,0.136990
527000,700.5,195.6,725.0,222.0,0.26830,0.310583,0.000000,0.136093,0.000000,0.020983
527040,933.0,493.0,964.9,566.6,0.99615,0.506662,0.014497,0.253247,0.105856,0.036805
527040,779.1,446.0,809.9,516.2,0.99259,0.253017,0.001252,0.426475,0.171434,0.080140
527040,564.2,466.7,595.9,538.5,0.99129,0.023367,0.010849,0.079528,0.022643,0.391973
527040,200.9,486.1,252.5,560.8,0.99027,0.267348,0.007509,0.476876,0.153471,0.080809
527040,1222.8,571.2,1257.4,655.7,0.98779,0.456221,0.012098,0.224629,0.072465,0.039296
527040,1148.8,514.6,1183.0,591.7,0.98458,0.216284,0.000626,0.489595,0.081482,0.079041
527040,754.2,321.8,791.8,379.5,0.98271,0.451074,0.023154,0.205562,0.140572,0.033198
527040,1028.7,409.1,1050.0,474.4,0.96746,0.301960,0.005957,0.385842,0.098560,0.057893
527040,972.0,364.9,998.0,429.0,0.96623,0.325010,0.006761,0.118903,0.165209,0.028547
527040,472.9,390.8,493.4,457.8,0.95273,0.344698,0.007316,0.470867,0.057324,0.057322
527040,490.4,376.3,515.3,433.1,0.95112,0.379471,0.006790,0.200489,0.138465,0.046221
527040,682.8,321.8,705.2,378.5,0.94354,0.235405,0.000000,0.217048,0.116667,0.018350
527040,527.7,353.2,560.2,416.5,0.93285,0.397304,0.001252,0.438514,0.076530,0.037435
527040,845.3,318.6,869.5,376.0,0.92781,0.305833,0.004380,0.397396,0.133812,0.067135
527040,1020.2,159.1,1037.4,185.9,0.89861,0.005088,0.008761,0.036462,0.000000,0.128263
527040,351.9,242.9,368.0,295.0,0.89755,0.027028,0.109795,0.076607,0.029660,0.178574
527040,374.2,242.2,391.4,290.6,0.89066,0.000254,0.086399,0.013947,0.008230,0.158088
527040,873.8,160.4,887.0,184.2,0.82354,0.010430,0.000000,0.113951,0.000000,0.081005
527040,992.5,156.5,1007.8,181.6,0.81970,0.067709,0.000000,0.122011,0.000000,0.094657
527040,470.8,323.9,490.0,373.8,0.78831,0.002289,0.000000,0.031237,0.284828,0.004796
527040,1087.1,183.9,1108.9,227.9,0.75628,0.017467,0.000000,0.010576,0.000000,0.328773
527040,218.0,266.1,244.0,314.0,0.74585,0.107370,0.000000,0.099826,0.000000,0.057206
527040,897.6,158.1,912.8,181.7,0.72901,0.012719,0.000000,0.072299,0.000000,0.149930
527040,1212.3,157.0,1231.0,192.4,0.66688,0.029801,0.040146,0.096604,0.045999,0.161941
527040,602.5,190.0,618.0,236.5,0.54689,0.068767,0.048477,0.086387,0.011987,0.205053
527040,637.6,181.7,656.0,237.1,0.53036,0.073079,0.062077,0.092517,0.051093,0.147967
527040,831.7,161.8,845.9,192.6,0.52295,0.017298,0.011264,0.050898,0.001500,0.169974
527040,1235.4,160.6,1252.9,187.3,0.46336,0.007886,0.000000,0.110918,0.000000,0.164053
527040,536.0,194.1,555.4,242.4,0.45518,0.056879,0.000000,0.159812,0.000000,0.015506
527040,231.1,264.4,250.4,311.4,0.37952,0.028529,0.000000,0.050931,0.000000,0.014688
527040,44.5,188.8,91.3,240.7,0.31081,0.270724,0.000000,0.195029,0.000000,0.070711
527080,932.6,493.6,962.8,566.3,0.99563,0.501022,0.009387,0.252224,0.080282,0.037870
527080,777.5,445.3,809.7,515.4,0.99357,0.240201,0.005632,0.432071,0.138987,0.086393
527080,560.4,465.1,592.9,539.5,0.98955,0.044106,0.013955,0.131218,0.038971,0.368210
527080,1149.4,515.3,1184.9,591.1,0.98906,0.204858,0.001406,0.469027,0.074357,0.084530
527080,192.6,489.5,250.0,561.3,0.98812,0.255480,0.006004,0.468574,0.122540,0.080355
527080,1215.2,573.4,1257.4,657.1,0.98504,0.460636,0.023978,0.225207,0.083257,0.051663
527080,966.6,368.0,994.8,427.6,0.97680,0.313383,0.007467,0.119942,0.145277,0.025446
527080,1021.5,408.3,1046.9,475.0,0.97492,0.248201,0.003755,0.409563,0.151346,0.058792
527080,751.0,320.0,790.1,380.1,0.96594,0.446183,0.010013,0.242525,0.142461,0.030244
527080,519.0,351.8,557.2,416.3,0.95123,0.300710,0.002066,0.504634,0.104572,0.058431
527080,469.1,391.8,489.7,455.6,0.94905,0.368886,0.005780,0.437951,0.059472,0.041302
527080,484.8,373.9,510.5,429.6,0.93537,0.418540,0.010013,0.217207,0.143329,0.050208
527080,675.8,323.1,700.6,382.5,0.90259,0.209992,0.000000,0.198435,0.135581,0.022612
527080,367.0,241.9,384.6,289.7,0.89271,0.022216,0.085317,0.013195,0.032092,0.162200
527080,843.4,319.1,867.1,375.8,0.86471,0.231718,0.000626,0.411795,0.182976,0.068248
527080,1019.3,156.6,1035.6,183.9,0.85207,0.022828,0.003129,0.034960,0.000000,0.170037
527080,1085.3,179.5,1108.1,227.3,0.83369,0.030201,0.003129,0.028437,0.000000,0.284541
527080,871.7,157.8,884.0,181.8,0.81160,0.013737,0.000000,0.088183,0.000000,0.029376
527080,988.4,155.2,1005.2,180.4,0.81101,0.030968,0.000000,0.159332,0.000000,0.107205
527080,1212.2,152.2,1231.2,192.2,0.78637,0.024468,0.065479,0.115203,0.004348,0.177786
527080,463.6,321.1,487.0,378.6,0.76807,0.023295,0.001877,0.075477,0.305131,0.023694
527080,210.8,262.3,241.0,311.3,0.71474,0.049974,0.000000,0.104516,0.000000,0.044175
527080,343.8,242.9,360.2,290.9,0.70865,0.008395,0.074964,0.052776,0.004832,0.150898
527080,894.9,156.7,910.7,179.3,0.70686,0.010939,0.000000,0.114663,0.000000,0.162501
527080,633.0,180.8,651.6,236.5,0.62987,0.023291,0.092682,0.064608,0.030075,0.156437
527080,1235.2,158.4,1254.0,187.7,0.53936,0.018383,0.004380,0.142082,0.000000,0.130973
527080,828.2,160.2,842.3,190.4,0.51389,0.009412,0.000000,0.057364,0.000000,0.230689
527080,430.4,173.6,449.3,191.2,0.47189,0.056091,0.000000,0.018111,0.000000,0.014388
527080,598.4,189.1,611.5,234.8,0.42330,0.075908,0.079432,0.096599,0.018005,0.194143
527080,271.4,126.0,317.2,180.6,0.32216,0.241533,0.000000,0.173015,0.000000,0.042687
527120,932.0,493.0,963.8,568.5,0.99749,0.486540,0.010994,0.247673,0.075238,0.042538
527120,557.3,462.7,590.1,537.4,0.99409,0.034146,0.013775,0.129329,0.043570,0.348567
527120,777.4,444.4,810.4,515.3,0.99289,0.210671,0.005350,0.397500,0.133574,0.084233
527120,1149.3,515.9,1185.9,591.6,0.99178,0.218307,0.002503,0.464045,0.086276,0.075852
527120,189.5,488.9,244.2,562.8,0.99008,0.279269,0.007509,0.452039,0.123071,0.072870
527120,1212.9,573.7,1255.6,657.6,0.98847,0.448315,0.023881,0.236795,0.101682,0.052795
527120,962.4,368.9,990.3,428.8,0.98388,0.332010,0.004380,0.141295,0.177543,0.032827
527120,1019.4,408.7,1046.0,474.8,0.96646,0.256537,0.000000,0.378350,0.157353,0.057414
527120,748.9,322.2,787.4,380.1,0.96193,0.406960,0.011413,0.220515,0.140904,0.035954
527120,1084.4,178.3,1108.0,225.7,0.94431,0.023744,0.000000,0.033079,0.000000,0.269794
527120,513.5,354.0,550.7,415.7,0.93364,0.333610,0.004016,0.479238,0.084709,0.059259
527120,841.2,317.3,864.9,375.1,0.90215,0.247416,0.000000,0.416664,0.149657,0.063869
527120,339.5,241.5,355.1,293.7,0.90017,0.038680,0.074794,0.083550,0.034171,0.154811
527120,360.3,239.6,380.1,290.4,0.89119,0.018270,0.083229,0.022281,0.044258,0.161354
527120,669.1,323.4,695.7,383.6,0.88968,0.186770,0.000000,0.201550,0.160194,0.021966
527120,465.4,391.4,485.6,455.3,0.88464,0.370192,0.006299,0.434040,0.048671,0.043751
527120,893.1,153.9,908.1,178.1,0.84471,0.018316,0.000000,0.165436,0.000000,0.136560
527120,479.3,371.7,507.5,434.6,0.82414,0.388786,0.009387,0.189729,0.150818,0.047078
527120,460.2,320.5,486.6,379.9,0.81846,0.016790,0.005200,0.063224,0.372093,0.016787
527120,205.8,259.6,237.1,310.6,0.80668,0.045377,0.000000,0.118388,0.000000,0.029970
527120,869.6,156.8,881.8,179.7,0.76387,0.025693,0.000000,0.122906,0.000000,0.050516
527120,1019.2,154.7,1035.0,183.8,0.75315,0.002035,0.011264,0.029097,0.000000,0.154085
527120,1212.5,151.8,1231.7,190.3,0.73677,0.035779,0.074321,0.123512,0.000000,0.140358
527120,826.5,157.0,840.4,189.8,0.72461,0.020351,0.003129,0.080421,0.000000,0.201523
527120,630.4,178.7,648.1,230.1,0.66783,0.027737,0.088235,0.056517,0.009154,0.161656
527120,990.0,152.5,1003.9,177.8,0.65482,0.005088,0.000000,0.111772,0.000000,0.077632
527120,594.5,186.4,609.3,234.0,0.61160,0.035736,0.061433,0.068922,0.031889,0.172482
527120,1235.7,157.8,1254.3,185.5,0.51484,0.038260,0.011264,0.099553,0.000000,0.124571
527120,236.2,166.7,270.8,224.4,0.34984,0.439242,0.000000,0.257344,0.000000,0.046097
527120,456.4,136.8,497.4,187.3,0.26694,0.361697,0.003750,0.257633,0.000000,0.108944
527160,931.6,493.0,963.3,568.9,0.99674,0.461741,0.009387,0.242109,0.095983,0.033299
527160,775.1,443.3,809.0,514.8,0.99374,0.214640,0.007938,0.431535,0.130790,0.087944
527160,186.5,490.3,241.8,564.0,0.99248,0.268653,0.007509,0.464169,0.149902,0.072819
527160,556.3,461.8,588.2,534.8,0.99118,0.031114,0.013573,0.099849,0.030163,0.375209
527160,1149.4,514.1,1187.0,592.5,0.98642,0.196696,0.002635,0.468051,0.093842,0.072695
527160,1211.5,573.5,1254.9,658.7,0.98570,0.452996,0.024492,0.227035,0.093148,0.054359
527160,958.5,369.6,987.8,429.6,0.98196,0.324108,0.005632,0.128082,0.163129,0.023705
527160,747.5,320.0,786.3,378.6,0.96936,0.395015,0.010234,0.201060,0.145708,0.019811
527160,664.1,323.4,692.8,387.8,0.96732,0.194311,0.000626,0.210399,0.149458,0.017139
527160,1014.4,409.3,1045.0,475.8,0.96708,0.235439,0.001938,0.337303,0.183921,0.055490
527160,510.1,354.2,549.9,416.1,0.96199,0.304825,0.001842,0.492434,0.095214,0.064068
527160,1085.0,177.3,1107.7,223.8,0.93599,0.017922,0.003129,0.012330,0.000000,0.300079
527160,461.8,390.0,483.4,455.3,0.92357,0.385941,0.002639,0.402406,0.039552,0.024462
527160,335.2,240.7,350.2,292.1,0.87433,0.002544,0.075118,0.046153,0.014474,0.128238
527160,357.1,239.8,375.4,290.1,0.87320,0.034767,0.095749,0.026888,0.030192,0.168029
527160,838.4,317.0,861.5,374.3,0.87120,0.280480,0.000000,0.366157,0.154131,0.052405
527160,891.8,152.3,907.2,177.0,0.82348,0.014755,0.016332,0.134749,0.000000,0.154406
527160,475.7,370.3,503.7,431.4,0.81078,0.405199,0.007522,0.197297,0.141782,0.036575
527160,1018.2,153.9,1034.9,182.0,0.78885,0.005851,0.003129,0.029440,0.000000,0.139635
527160,1212.5,150.2,1231.3,187.9,0.74738,0.018538,0.052748,0.100144,0.000000,0.152288
527160,456.9,322.1,484.2,377.4,0.73418,0.019836,0.005178,0.080023,0.413623,0.028180
527160,627.5,175.9,645.6,236.0,0.73322,0.030437,0.096292,0.065987,0.024584,0.164369
527160,868.8,155.7,881.2,178.6,0.72467,0.001272,0.000000,0.066326,0.000000,0.056502
527160,987.3,151.3,1002.8,176.5,0.71431,0.054388,0.000000,0.151480,0.000000,0.108075
527160,590.6,185.0,606.4,233.8,0.66886,0.084200,0.063392,0.124106,0.036319,0.220181
527160,1236.7,155.7,1254.6,183.3,0.66859,0.011956,0.000000,0.093080,0.000000,0.113658
527160,825.0,155.7,838.6,188.2,0.57710,0.001272,0.003129,0.042047,0.000000,0.218624
527160,523.8,190.8,540.9,238.0,0.51706,0.028892,0.000000,0.135805,0.000000,0.021283
527160,199.3,263.3,220.1,311.2,0.44048,0.079558,0.000000,0.094539,0.000000,0.043450
527160,213.3,259.7,230.4,307.5,0.32737,0.032459,0.000000,0.055600,0.000000,0.015288
527200,930.1,494.0,961.7,569.0,0.99711,0.454617,0.009075,0.234793,0.086281,0.035667
527200,773.5,442.4,807.9,511.4,0.99367,0.223262,0.009883,0.430329,0.148367,0.084226
527200,552.4,460.6,583.7,535.0,0.99155,0.024352,0.011638,0.084064,0.023266,0.422217
527200,1149.7,516.6,1187.0,592.8,0.99154,0.233991,0.000000,0.457998,0.082933,0.062814
527200,183.7,487.9,230.9,565.8,0.98965,0.236295,0.003755,0.423130,0.181073,0.089936
527200,656.6,331.0,692.0,391.1,0.98578,0.215070,0.000000,0.267616,0.198013,0.019514
527200,1206.8,574.3,1251.0,659.0,0.98128,0.455902,0.019453,0.233274,0.082617,0.063734
527200,1010.0,408.2,1041.9,476.2,0.97092,0.246615,0.002464,0.391561,0.179655,0.066344
527200,954.4,372.5,981.1,429.9,0.97078,0.352321,0.014393,0.138676,0.120065,0.031914
527200,748.2,317.9,784.0,377.6,0.96062,0.390525,0.009102,0.205955,0.147366,0.032530
527200,454.9,386.0,478.8,456.3,0.95170,0.369801,0.003755,0.457288,0.047116,0.040928
527200,472.4,372.9,496.0,427.7,0.92929,0.361628,0.003755,0.209249,0.054965,0.037317
527200,503.5,353.2,537.9,416.1,0.92752,0.360223,0.004316,0.503078,0.079884,0.072779
527200,350.5,239.7,367.5,288.1,0.91144,0.007976,0.059088,0.007503,0.022221,0.092111
527200,1082.3,174.5,1106.1,223.0,0.90996,0.027092,0.003129,0.043813,0.000000,0.309665
527200,835.8,316.5,860.3,372.5,0.90504,0.259630,0.000000,0.371833,0.152290,0.043843
527200,191.8,258.3,222.0,309.2,0.83923,0.041610,0.000000,0.074478,0.000000,0.025779
527200,326.2,239.4,343.3,291.1,0.83264,0.003561,0.089918,0.049563,0.015115,0.162552
527200,451.4,322.8,481.8,377.1,0.81859,0.025319,0.002503,0.080917,0.441551,0.028080
527200,1016.1,151.5,1032.3,179.4,0.81673,0.009412,0.003755,0.036851,0.000000,0.147739
527200,865.5,153.0,878.3,176.8,0.80874,0.017044,0.000000,0.118642,0.000000,0.062782
527200,888.6,150.1,903.7,173.9,0.77350,0.014500,0.000000,0.111539,0.000000,0.137371
527200,820.5,153.4,834.9,186.7,0.74067,0.017329,0.000000,0.065756,0.000000,0.168199
527200,1212.0,148.5,1231.5,187.7,0.72926,0.014637,0.052271,0.088382,0.025216,0.115999
527200,623.0,174.8,639.5,225.9,0.67569,0.005088,0.079814,0.051823,0.015932,0.135316
527200,517.6,191.4,534.6,237.4,0.66589,0.036226,0.000000,0.086699,0.000000,0.017686
527200,584.9,183.5,600.7,232.2,0.65224,0.084943,0.083777,0.096827,0.029257,0.191435
527200,1235.0,152.5,1254.0,190.3,0.53517,0.030889,0.039607,0.121188,0.003751,0.163417
527200,168.9,274.2,195.2,316.5,0.43641,0.370842,0.000000,0.149997,0.000000,0.034772
527200,529.0,186.2,547.8,236.3,0.40130,0.109555,0.000000,0.065169,0.000000,0.007194
527200,75.2,197.1,95.4,228.1,0.36926,0.097410,0.000626,0.068202,0.000000,0.072253
527200,447.1,130.4,489.0,181.6,0.25431,0.356439,0.001877,0.222065,0.000000,0.096358
527240,927.0,493.5,959.9,567.3,0.99557,0.480612,0.009219,0.233616,0.099250,0.040709
527240,771.3,442.7,806.1,509.2,0.99319,0.242258,0.010374,0.422980,0.135928,0.091838
527240,1150.0,516.1,1188.0,594.7,0.99180,0.227987,0.000000,0.468468,0.091218,0.065793
527240,550.9,461.7,580.2,532.7,0.99167,0.022940,0.011081,0.068522,0.030072,0.399341
527240,181.2,489.4,224.7,564.1,0.98721,0.218141,0.003755,0.418590,0.194400,0.113546
527240,1201.0,575.1,1247.4,656.9,0.98573,0.446823,0.030894,0.240224,0.081844,0.061091
527240,652.1,332.5,688.5,393.1,0.98277,0.217213,0.000000,0.278436,0.168494,0.036940
527240,1007.6,409.3,1039.8,474.9,0.97320,0.286143,0.001953,0.419491,0.130846,0.071408
527240,746.2,316.4,781.7,377.5,0.97077,0.410719,0.011890,0.225294,0.151340,0.034674
527240,949.0,373.1,977.3,431.0,0.96731,0.372059,0.011737,0.146063,0.119367,0.041602
527240,498.7,353.0,530.2,419.4,0.95335,0.310581,0.003755,0.499401,0.081738,0.063054
527240,450.9,384.8,475.8,456.2,0.94762,0.369045,0.003755,0.439629,0.037443,0.041333
527240,1080.1,172.2,1104.4,221.2,0.94592,0.055056,0.003129,0.056125,0.000000,0.327067
527240,469.1,373.5,491.3,425.5,0.92700,0.385096,0.003755,0.188181,0.069365,0.033641
527240,343.7,235.8,362.2,287.7,0.86276,0.019941,0.058919,0.024403,0.030049,0.148959
527240,446.0,321.3,470.6,376.9,0.86063,0.016827,0.001877,0.075436,0.359365,0.024375
527240,833.1,317.5,857.8,374.0,0.85815,0.278311,0.000626,0.380965,0.135951,0.048477
527240,1211.3,147.7,1230.3,188.3,0.82785,0.020327,0.054443,0.086291,0.050795,0.126869
527240,183.5,260.0,209.4,308.5,0.79307,0.034539,0.000000,0.075443,0.000000,0.040584
527240,885.8,147.7,901.2,172.1,0.78491,0.008649,0.000000,0.147325,0.000000,0.138520
527240,1013.8,149.8,1030.9,178.0,0.78401,0.009921,0.000000,0.055191,0.000000,0.131402
527240,194.9,258.3,214.5,305.7,0.76127,0.025079,0.000000,0.026391,0.000000,0.019185
527240,862.3,151.4,875.6,176.6,0.73197,0.021048,0.000000,0.115943,0.000000,0.056708
527240,817.8,150.5,832.7,185.4,0.72675,0.020351,0.000000,0.037777,0.000000,0.150245
527240,320.6,236.7,337.3,288.8,0.71413,0.033072,0.037407,0.068252,0.011944,0.138104
527240,1234.4,151.8,1252.8,190.8,0.67577,0.024159,0.051510,0.080275,0.000000,0.143199
527240,618.4,173.5,635.9,229.2,0.67140,0.013334,0.087735,0.048150,0.011765,0.116780
527240,511.0,186.8,528.8,236.2,0.64108,0.081856,0.000000,0.123663,0.000000,0.022350
527240,582.2,182.8,595.6,230.1,0.59651,0.066200,0.075782,0.078305,0.010487,0.187848
527240,162.1,274.3,185.5,321.0,0.38838,0.377886,0.000000,0.161148,0.000000,0.032368
527240,259.9,147.8,296.4,210.7,0.34330,0.163741,0.000000,0.111983,0.005401,0.049697
527280,923.9,493.9,958.8,567.2,0.99467,0.486372,0.009387,0.252556,0.103532,0.041078
527280,767.9,442.3,802.2,504.7,0.99204,0.231602,0.008120,0.386216,0.117786,0.087113
527280,181.1,486.2,209.6,566.6,0.99052,0.322638,0.005731,0.465756,0.159528,0.116130
527280,1148.5,514.1,1185.6,592.8,0.99049,0.210453,0.000000,0.480321,0.087388,0.080630
527280,546.2,461.7,573.7,527.9,0.98841,0.013413,0.012785,0.035414,0.015073,0.378727
527280,1198.2,573.2,1240.3,658.2,0.98822,0.423108,0.023581,0.207293,0.057755,0.045767
527280,644.5,338.2,681.5,396.6,0.98005,0.240508,0.000000,0.294741,0.141959,0.032108
527280,742.4,311.3,779.0,376.8,0.97680,0.407903,0.013767,0.201398,0.172798,0.026296
527280,1002.0,406.2,1031.7,472.3,0.96766,0.246417,0.001877,0.419600,0.105582,0.069454
527280,939.3,371.2,972.3,431.2,0.96638,0.488001,0.016100,0.179212,0.107934,0.046163
527280,442.2,386.4,469.3,453.9,0.93991,0.328649,0.003755,0.446291,0.039204,0.038661
527280,489.2,354.2,515.9,414.8,0.93828,0.255599,0.002203,0.467956,0.040542,0.085902
527280,1077.9,170.6,1101.8,219.3,0.93613,0.028852,0.003322,0.023980,0.000000,0.326461
527280,463.1,372.2,484.7,421.1,0.91038,0.410445,0.009387,0.179495,0.055167,0.029320
527280,436.0,319.7,468.5,379.2,0.90976,0.030115,0.003129,0.090193,0.349420,0.026674
527280,827.1,314.7,850.4,372.8,0.87674,0.271407,0.000000,0.363832,0.170195,0.044881
527280,333.4,234.0,353.1,284.9,0.87215,0.015999,0.097417,0.020282,0.030316,0.144470
527280,855.6,148.4,870.1,173.4,0.84979,0.032962,0.000000,0.139461,0.000000,0.080219
527280,1010.6,147.1,1027.2,175.6,0.83473,0.012211,0.003129,0.032695,0.000000,0.144151
527280,881.4,145.4,897.9,170.0,0.81916,0.002035,0.000000,0.118683,0.000000,0.129152
527280,171.8,258.2,199.3,308.1,0.77340,0.047097,0.000000,0.089199,0.000000,0.046459
527280,309.9,235.6,327.2,287.8,0.70239,0.027517,0.050195,0.052332,0.022596,0.156547
527280,981.1,144.5,994.6,170.2,0.70063,0.034880,0.000000,0.153737,0.000000,0.075576
527280,574.8,183.2,587.2,229.3,0.64406,0.055018,0.077910,0.043756,0.035530,0.182694
527280,611.9,171.2,628.8,209.2,0.59536,0.017320,0.035641,0.094510,0.000000,0.149183
527280,1209.0,145.1,1227.3,180.9,0.52551,0.018287,0.067719,0.075968,0.017432,0.146831
527280,183.4,256.5,203.8,306.3,0.51596,0.040239,0.000000,0.052033,0.000000,0.023121
527280,812.4,150.1,826.8,184.4,0.47211,0.023412,0.026386,0.048174,0.000750,0.195178
527280,503.7,185.4,524.0,235.0,0.40831,0.066292,0.000000,0.117913,0.000000,0.032374
527280,489.0,205.0,507.0,247.0,0.33953,0.184330,0.000000,0.133842,0.000000,0.032280
527280,511.6,183.6,536.0,234.4,0.27273,0.122758,0.000000,0.068128,0.000000,0.020109
527320,921.0,491.2,956.2,569.2,0.99294,0.486910,0.008738,0.230293,0.105937,0.030492
527320,539.8,462.0,569.0,527.6,0.99283,0.012508,0.016277,0.044062,0.013529,0.380641
527320,767.6,439.7,799.4,508.3,0.99273,0.222139,0.004767,0.450567,0.148314,0.069880
527320,177.5,485.9,205.0,568.5,0.99086,0.325504,0.005006,0.427109,0.174877,0.088941
527320,1146.2,514.8,1178.1,592.0,0.98652,0.236252,0.001504,0.464082,0.048837,0.075958
527320,1195.4,572.2,1234.4,659.6,0.98591,0.414494,0.023290,0.225288,0.058479,0.051432
527320,743.2,308.3,775.6,374.7,0.97307,0.424795,0.011092,0.208340,0.157998,0.030607
527320,638.0,338.8,673.7,397.7,0.96485,0.248692,0.000000,0.267983,0.169117,0.030583
527320,932.4,371.0,968.4,430.4,0.96149,0.461293,0.016270,0.213486,0.123599,0.044399
527320,998.2,407.9,1023.6,469.3,0.95947,0.269847,0.003755,0.410910,0.087894,0.051564
527320,435.8,382.6,464.3,452.4,0.95869,0.364720,0.007554,0.458353,0.038966,0.049651
527320,483.9,353.2,509.3,413.8,0.93463,0.312377,0.000000,0.510722,0.035901,0.068978
527320,327.3,231.5,346.5,284.4,0.92173,0.006957,0.078419,0.024321,0.027798,0.149874
527320,459.0,370.3,478.3,417.4,0.91746,0.405540,0.004380,0.171691,0.061363,0.031437
527320,1071.0,169.9,1098.2,219.0,0.90361,0.012993,0.003185,0.024641,0.000000,0.292407
527320,431.4,319.1,462.6,374.2,0.89194,0.040796,0.010638,0.093870,0.322044,0.028829
527320,876.1,144.2,892.3,169.6,0.86560,0.021877,0.007634,0.146970,0.000000,0.160568
527320,821.1,313.9,849.0,372.6,0.85191,0.269085,0.000000,0.385337,0.151204,0.052746
527320,1005.0,145.1,1023.0,173.2,0.84221,0.017553,0.003129,0.056947,0.000000,0.147231
527320,975.3,143.7,990.1,169.5,0.83030,0.028746,0.000000,0.126094,0.000000,0.108196
527320,164.1,253.7,195.2,306.5,0.80518,0.029181,0.000000,0.071463,0.000000,0.028406
527320,303.8,234.8,319.9,287.1,0.79333,0.007183,0.049922,0.051970,0.031758,0.125091
527320,851.5,147.3,865.5,171.8,0.73687,0.002035,0.000000,0.067150,0.000000,0.045872
527320,496.5,185.1,516.9,233.4,0.69760,0.090565,0.000000,0.162544,0.000000,0.029821
527320,604.2,168.8,623.8,230.3,0.67965,0.034719,0.076305,0.081460,0.013612,0.139413
527320,567.3,178.3,584.1,228.8,0.63603,0.084787,0.078711,0.092325,0.030888,0.170272
527320,1204.8,142.2,1223.7,178.3,0.43921,0.016264,0.046568,0.088573,0.033547,0.160751
527320,482.7,204.4,499.3,246.7,0.42348,0.139169,0.000000,0.109087,0.000000,0.032607
527320,193.3,164.1,227.8,216.0,0.39197,0.373436,0.000000,0.200189,0.000000,0.016593
527320,284.4,138.6,316.2,199.5,0.39037,0.054104,0.000000,0.043789,0.000000,0.145160
527320,139.2,268.7,169.4,326.9,0.36670,0.373743,0.000000,0.169016,0.000000,0.024841
527320,483.9,93.3,520.8,141.5,0.30933,0.055196,0.000000,0.069429,0.000000,0.081314
527360,172.2,485.7,200.3,568.2,0.99343,0.436789,0.009387,0.448959,0.175551,0.098435
527360,915.5,490.7,951.7,567.9,0.99264,0.484975,0.007486,0.238313,0.099081,0.037818
527360,531.9,460.6,563.3,531.4,0.99251,0.018107,0.020936,0.063892,0.016587,0.405211
527360,764.0,437.8,795.6,507.6,0.99241,0.244794,0.009302,0.429873,0.138274,0.071024
527360,1141.7,514.4,1172.5,590.0,0.98798,0.240178,0.002196,0.485624,0.035551,0.058691
527360,1192.4,571.1,1227.3,657.3,0.97509,0.421800,0.016270,0.209240,0.062166,0.037458
527360,923.9,370.3,963.8,429.5,0.97322,0.457480,0.016896,0.195306,0.105042,0.039868
527360,631.2,340.6,663.7,397.0,0.96629,0.199527,0.000000,0.270232,0.147534,0.027307
527360,989.2,409.5,1017.9,471.1,0.95761,0.307576,0.003755,0.448439,0.133706,0.055426
527360,741.9,307.8,770.1,375.2,0.95557,0.421499,0.010930,0.194204,0.138287,0.030701
527360,429.9,385.3,457.8,451.1,0.93982,0.322201,0.000000,0.444991,0.039734,0.030812
527360,452.9,368.8,474.9,422.9,0.92169,0.501991,0.011264,0.245228,0.041049,0.052866
527360,477.7,355.8,503.7,411.8,0.91480,0.312708,0.000000,0.482916,0.032291,0.067198
527360,319.9,229.8,339.0,282.6,0.90762,0.018067,0.098767,0.025627,0.031771,0.205788
527360,815.9,313.2,844.4,370.8,0.90342,0.260836,0.000626,0.386769,0.134289,0.050235
527360,1066.6,166.5,1091.7,216.0,0.90015,0.036348,0.003367,0.045040,0.000000,0.311421
527360,969.0,140.8,984.7,169.4,0.88926,0.031442,0.000000,0.135638,0.000000,0.113179
527360,1000.2,144.5,1016.8,171.7,0.82097,0.000000,0.005632,0.010091,0.000000,0.172757
527360,425.2,317.3,455.7,374.0,0.77625,0.045612,0.005632,0.094162,0.452471,0.029231
527360,870.1,143.5,886.9,167.2,0.77360,0.017553,0.008000,0.134375,0.000000,0.116926
527360,155.7,250.9,185.6,306.0,0.72951,0.048078,0.000000,0.081370,0.000000,0.032173
527360,600.1,166.9,616.9,212.1,0.68234,0.018753,0.057250,0.085394,0.000750,0.158693
527360,845.6,145.6,861.0,170.4,0.65842,0.011956,0.000000,0.097288,0.000000,0.072186
527360,296.4,234.9,312.1,284.9,0.62102,0.002544,0.058411,0.020710,0.016064,0.129551
527360,560.7,177.5,576.6,228.2,0.62043,0.105036,0.099014,0.092103,0.024248,0.210899
527360,1200.3,141.2,1220.2,180.2,0.61805,0.030759,0.070727,0.108854,0.045945,0.126086
527360,1221.9,144.5,1242.2,181.0,0.54118,0.021461,0.021196,0.105934,0.000000,0.154487
527360,488.4,179.4,513.4,233.0,0.47961,0.112589,0.000000,0.141596,0.000000,0.023630
527360,801.0,145.6,818.0,179.5,0.40947,0.023527,0.000000,0.052049,0.000000,0.144949
527360,276.2,137.3,308.3,198.0,0.38680,0.076115,0.000000,0.043024,0.000000,0.116928
527360,189.7,159.5,223.4,214.1,0.30571,0.443997,0.001252,0.230736,0.000000,0.041034
